-- MySQL dump 10.13  Distrib 5.7.25, for Linux (x86_64)
--
-- Host: localhost    Database: bento
-- ------------------------------------------------------
-- Server version	5.7.25-0ubuntu0.16.04.2

/*!40101 SET @OLD_CHARACTER_SET_CLIENT=@@CHARACTER_SET_CLIENT */;
/*!40101 SET @OLD_CHARACTER_SET_RESULTS=@@CHARACTER_SET_RESULTS */;
/*!40101 SET @OLD_COLLATION_CONNECTION=@@COLLATION_CONNECTION */;
/*!40101 SET NAMES utf8 */;
/*!40103 SET @OLD_TIME_ZONE=@@TIME_ZONE */;
/*!40103 SET TIME_ZONE='+00:00' */;
/*!40014 SET @OLD_UNIQUE_CHECKS=@@UNIQUE_CHECKS, UNIQUE_CHECKS=0 */;
/*!40014 SET @OLD_FOREIGN_KEY_CHECKS=@@FOREIGN_KEY_CHECKS, FOREIGN_KEY_CHECKS=0 */;
/*!40101 SET @OLD_SQL_MODE=@@SQL_MODE, SQL_MODE='NO_AUTO_VALUE_ON_ZERO' */;
/*!40111 SET @OLD_SQL_NOTES=@@SQL_NOTES, SQL_NOTES=0 */;

--
-- Table structure for table `account`
--

DROP TABLE IF EXISTS `account`;
/*!40101 SET @saved_cs_client     = @@character_set_client */;
/*!40101 SET character_set_client = utf8 */;
CREATE TABLE `account` (
  `id` int(11) NOT NULL AUTO_INCREMENT,
  `account` varchar(255) CHARACTER SET utf8 DEFAULT NULL,
  `password` varchar(255) CHARACTER SET utf8 DEFAULT NULL,
  `phone_num` varchar(255) DEFAULT '',
  `name` varchar(255) CHARACTER SET utf8 DEFAULT NULL,
  `create_price` float(11,2) DEFAULT '0.00',
  `refund` float(11,2) DEFAULT '0.00',
  `min_top` int(11) DEFAULT NULL,
  `max_top` int(11) DEFAULT '3000',
  `balance` float(11,2) DEFAULT '0.00',
  `sum_balance` float(11,2) DEFAULT '0.00',
  `middle_id` int(11) DEFAULT NULL,
  `label` varchar(30) DEFAULT NULL,
  PRIMARY KEY (`id`),
  KEY `middle_id` (`middle_id`) USING BTREE,
  CONSTRAINT `account_ibfk_1` FOREIGN KEY (`middle_id`) REFERENCES `middle` (`id`) ON DELETE NO ACTION ON UPDATE NO ACTION
) ENGINE=InnoDB AUTO_INCREMENT=161 DEFAULT CHARSET=latin1;
/*!40101 SET character_set_client = @saved_cs_client */;

--
-- Dumping data for table `account`
--

LOCK TABLES `account` WRITE;
/*!40000 ALTER TABLE `account` DISABLE KEYS */;
INSERT INTO `account` VALUES (45,'dalong','urbestseller666','','大龙',2.00,0.05,1,3000,9225.10,71500.00,NULL,'700'),(158,'gt','gtgtgt','13590024395','gt',10.00,0.00,10,3000,72.00,122.00,NULL,'50'),(159,'best','best','','best',1.00,0.00,1,100,83.00,100.00,NULL,'50'),(160,'best2','best2','','best2',1.00,1.00,1,10,100.00,100.00,NULL,'50');
/*!40000 ALTER TABLE `account` ENABLE KEYS */;
UNLOCK TABLES;

--
-- Table structure for table `account_log`
--

DROP TABLE IF EXISTS `account_log`;
/*!40101 SET @saved_cs_client     = @@character_set_client */;
/*!40101 SET character_set_client = utf8 */;
CREATE TABLE `account_log` (
  `id` int(11) NOT NULL AUTO_INCREMENT,
  `log_time` datetime DEFAULT NULL,
  `customer` varchar(255) DEFAULT NULL,
  `balance` int(11) DEFAULT NULL,
  `out_money` int(11) DEFAULT NULL,
  `sum_balance` int(11) DEFAULT NULL,
  PRIMARY KEY (`id`)
) ENGINE=InnoDB AUTO_INCREMENT=200 DEFAULT CHARSET=utf8;
/*!40101 SET character_set_client = @saved_cs_client */;

--
-- Dumping data for table `account_log`
--

LOCK TABLES `account_log` WRITE;
/*!40000 ALTER TABLE `account_log` DISABLE KEYS */;
INSERT INTO `account_log` VALUES (199,'2019-11-02 15:34:16','gt',100,100,100);
/*!40000 ALTER TABLE `account_log` ENABLE KEYS */;
UNLOCK TABLES;

--
-- Table structure for table `account_trans`
--

DROP TABLE IF EXISTS `account_trans`;
/*!40101 SET @saved_cs_client     = @@character_set_client */;
/*!40101 SET character_set_client = utf8 */;
CREATE TABLE `account_trans` (
  `id` int(11) NOT NULL AUTO_INCREMENT,
  `do_date` datetime DEFAULT NULL,
  `trans_type` varchar(255) DEFAULT NULL,
  `do_type` varchar(255) DEFAULT NULL,
  `num` int(11) DEFAULT NULL,
  `card_no` varchar(255) DEFAULT NULL,
  `do_money` varchar(255) DEFAULT NULL,
  `hand_money` varchar(255) DEFAULT NULL,
  `before_balance` varchar(255) DEFAULT NULL,
  `balance` varchar(255) DEFAULT NULL,
  `account_id` int(11) DEFAULT NULL,
  PRIMARY KEY (`id`)
) ENGINE=InnoDB AUTO_INCREMENT=4236 DEFAULT CHARSET=utf8;
/*!40101 SET character_set_client = @saved_cs_client */;

--
-- Dumping data for table `account_trans`
--

LOCK TABLES `account_trans` WRITE;
/*!40000 ALTER TABLE `account_trans` DISABLE KEYS */;
INSERT INTO `account_trans` VALUES (3792,'2019-11-02 09:53:32','支出','开卡',1,'4754400154815924','10.0','0','100.0','90.0',158),(3793,'2019-11-02 09:53:32','支出','充值',1,'4754400154815924','10','0','90.0','80.0',158),(3794,'2019-11-02 09:54:22','支出','开卡',1,'4754400183799719','10.0','0','80.0','70.0',158),(3795,'2019-11-02 09:54:22','支出','充值',1,'4754400183799719','10','0','70.0','60.0',158),(3796,'2019-11-02 10:20:12','支出','充值',1,'	4754400183799719','3.0','0','60.0','57.0',158),(3797,'2019-11-02 10:33:51','收入','退款',1,'4754400154815924','10.0','0','57.0','67.0',158),(3798,'2019-11-02 10:46:30','支出','充值',1,'	4754400118478546','300.0','0','2283.0','1983.0',45),(3799,'2019-11-02 10:49:25','支出','充值',1,'	4754400145716645','300.0','0','1983.0','1683.0',45),(3800,'2019-11-02 15:07:44','支出','充值',1,'	4754400124489511','200.0','0','1681.1','1481.1',45),(3801,'2019-11-02 16:45:22','支出','充值',1,'	4754400179982170','200.0','0','1481.1','1281.1',45),(3802,'2019-11-02 16:55:30','支出','充值',1,'	4754400123709158','100.0','0','1281.1','1181.1',45),(3803,'2019-11-02 16:58:58','支出','充值',1,'	4754400113844809','100.0','0','1181.1','1081.1',45),(3804,'2019-11-02 17:52:23','支出','充值',1,'	4754400112454568','300.0','0','1081.1','781.1',45),(3805,'2019-11-02 17:57:12','支出','充值',1,'	4754400174561151','200.0','0','781.1','581.1',45),(3806,'2019-11-02 17:57:21','支出','充值',1,'	4754400112454568','500.0','0','581.1','81.1',45),(3807,'2019-11-02 18:04:11','支出','充值',1,'	4754400144458645','200.0','0','3081.1','2881.1',45),(3808,'2019-11-02 18:07:19','支出','充值',1,'	4754400129858165','100.0','0','2881.1','2781.1',45),(3809,'2019-11-02 18:08:45','支出','充值',1,'	4754400191473554','200.0','0','2781.1','2581.1',45),(3810,'2019-11-02 18:10:04','支出','充值',1,'	4754400152077881','100.0','0','2581.1','2481.1',45),(3811,'2019-11-02 18:12:36','支出','充值',1,'	4754400181903735','200.0','0','2481.1','2281.1',45),(3812,'2019-11-02 18:13:53','支出','充值',1,'	4754400128419142','200.0','0','2281.1','2081.1',45),(3813,'2019-11-02 18:15:37','支出','充值',1,'	4754400166888752','300.0','0','2081.1','1781.1',45),(3814,'2019-11-02 19:38:01','支出','充值',1,'	4754400102397538','200.0','0','1781.1','1581.1',45),(3815,'2019-11-02 19:39:48','支出','充值',1,'	4754400139682076','100.0','0','1581.1','1481.1',45),(3816,'2019-11-02 19:40:58','支出','充值',1,'	4754400170234803','200.0','0','1481.1','1281.1',45),(3817,'2019-11-02 19:42:38','支出','充值',1,'	4754400132021355','100.0','0','1281.1','1181.1',45),(3818,'2019-11-02 19:45:53','支出','充值',1,'	4754400195503307','100.0','0','1181.1','1081.1',45),(3819,'2019-11-02 19:49:19','支出','充值',1,'	4754400140929110','100.0','0','1081.1','981.1',45),(3820,'2019-11-02 19:52:23','支出','充值',1,'	4754400110740174','200.0','0','981.1','781.1',45),(3821,'2019-11-03 09:51:27','支出','充值',1,'	4754400112936739','100.0','0','781.1','681.1',45),(3822,'2019-11-03 10:22:41','支出','充值',1,'	4754400126456492','680.0','0','681.1','1.1',45),(3823,'2019-11-03 14:05:47','支出','充值',1,'	4754400119212365','1500.0','0','3001.1','1501.1',45),(3824,'2019-11-03 14:10:07','支出','充值',1,'	4754400119212365','1400.0','0','1501.1','101.1',45),(3825,'2019-11-03 14:20:46','支出','充值',1,'	4754400195827623','50.0','0','101.1','51.1',45),(3826,'2019-11-04 10:36:58','支出','充值',1,'	4754400183799719','2.0','0','69.0','67.0',158),(3827,'2019-11-04 10:44:49','支出','充值',1,'	4754400183799719','2.0','0','67.0','65.0',158),(3828,'2019-11-04 10:45:37','支出','充值',1,'	4754400183799719','2.0','0','65.0','63.0',158),(3829,'2019-11-04 10:49:08','支出','充值',1,'	4754400183799719','2.0','0','63.0','61.0',158),(3830,'2019-11-04 13:49:50','支出','开卡',1,'4754400192434613','10.0','0','10051.1','10041.1',45),(3831,'2019-11-04 13:49:50','支出','充值',1,'4754400192434613','50','0','10041.1','9991.1',45),(3832,'2019-11-04 13:50:05','支出','开卡',1,'4754400132658255','10.0','0','9991.1','9981.1',45),(3833,'2019-11-04 13:50:05','支出','充值',1,'4754400132658255','50','0','9981.1','9931.1',45),(3834,'2019-11-04 13:50:20','支出','开卡',1,'4754400157405673','10.0','0','9931.1','9921.1',45),(3835,'2019-11-04 13:50:20','支出','充值',1,'4754400157405673','50','0','9921.1','9871.1',45),(3836,'2019-11-04 13:50:34','支出','开卡',1,'4754400140340433','10.0','0','9871.1','9861.1',45),(3837,'2019-11-04 13:50:34','支出','充值',1,'4754400140340433','50','0','9861.1','9811.1',45),(3838,'2019-11-04 13:50:44','支出','开卡',1,'4754400166730798','10.0','0','9811.1','9801.1',45),(3839,'2019-11-04 13:50:44','支出','充值',1,'4754400166730798','50','0','9801.1','9751.1',45),(3840,'2019-11-04 13:50:54','支出','开卡',1,'4754400124985351','10.0','0','9751.1','9741.1',45),(3841,'2019-11-04 13:50:54','支出','充值',1,'4754400124985351','50','0','9741.1','9691.1',45),(3842,'2019-11-04 13:58:51','收入','退款',1,'4754400124985351','50.0','0','9691.1','9741.1',45),(3843,'2019-11-04 13:58:53','收入','退款',1,'4754400166730798','50.0','0','9741.1','9791.1',45),(3844,'2019-11-04 13:58:57','收入','退款',1,'4754400140340433','50.0','0','9791.1','9841.1',45),(3845,'2019-11-04 13:59:10','收入','退款',1,'4754400157405673','50.0','0','9841.1','9891.1',45),(3846,'2019-11-04 13:59:24','收入','退款',1,'4754400132658255','50.0','0','9891.1','9941.1',45),(3847,'2019-11-04 13:59:44','收入','退款',1,'4754400192434613','50.0','0','9941.1','9991.1',45),(3874,'2019-11-04 14:33:39','支出','充值',1,'	4754400171288915','200.0','0','9211.1','9011.1',45),(3875,'2019-11-04 15:22:26','支出','开卡',1,'4754400131268239','10.0','0','9011.1','9001.1',45),(3876,'2019-11-04 15:22:26','支出','充值',1,'4754400131268239','286','0','9001.1','8715.1',45),(3877,'2019-11-04 15:22:44','支出','开卡',1,'4754400187786480','10.0','0','8715.1','8705.1',45),(3878,'2019-11-04 15:22:44','支出','充值',1,'4754400187786480','286','0','8705.1','8419.1',45),(3879,'2019-11-04 15:22:55','支出','开卡',1,'4754400155475371','10.0','0','8419.1','8409.1',45),(3880,'2019-11-04 15:22:55','支出','充值',1,'4754400155475371','286','0','8409.1','8123.1',45),(3881,'2019-11-04 16:59:10','支出','充值',1,'	4754400104759743','400.0','0','8123.1','7723.1',45),(3882,'2019-11-04 17:00:33','支出','充值',1,'	4754400156163844','400.0','0','7723.1','7323.1',45),(3883,'2019-11-04 17:02:06','支出','充值',1,'	4754400170821294','1500.0','0','7323.1','5823.1',45),(3884,'2019-11-04 17:03:07','支出','充值',1,'	4754400138216538','200.0','0','5823.1','5623.1',45),(3885,'2019-11-04 17:04:09','支出','充值',1,'	4754400149294169','200.0','0','5623.1','5423.1',45),(3886,'2019-11-04 17:05:10','支出','充值',1,'	4754400100202532','700.0','0','5423.1','4723.1',45),(3887,'2019-11-04 17:14:08','支出','充值',1,'	4754400158313868','300.0','0','4723.1','4423.1',45),(3888,'2019-11-04 17:18:11','支出','充值',1,'	4754400112454568','1000.0','0','4423.1','3423.1',45),(3889,'2019-11-04 17:26:38','支出','开卡',1,'4754400173120033','10.0','0','3423.1','3413.1',45),(3890,'2019-11-04 17:26:38','支出','充值',1,'4754400173120033','50','0','3413.1','3363.1',45),(3891,'2019-11-04 17:26:50','支出','开卡',1,'4754400107094205','10.0','0','3363.1','3353.1',45),(3892,'2019-11-04 17:26:50','支出','充值',1,'4754400107094205','50','0','3353.1','3303.1',45),(3893,'2019-11-04 17:27:33','支出','充值',1,'	4754400159197070','200.0','0','3303.1','3103.1',45),(3894,'2019-11-04 17:30:35','支出','充值',1,'	4754400145680049','100.0','0','3103.1','3003.1',45),(3895,'2019-11-04 18:02:56','收入','退款',1,'4754400168385831','16.0','0','3003.1','3019.1',45),(3896,'2019-11-05 08:42:41','支出','充值',1,'	4754400197003207','100.0','0','3019.1','2919.1',45),(3897,'2019-11-05 09:20:03','支出','充值',1,'	4754400136033133','200.0','0','2919.1','2719.1',45),(3898,'2019-11-05 09:47:06','支出','充值',1,'	4754400185582741','100.0','0','2719.1','2619.1',45),(3899,'2019-11-05 09:51:20','支出','充值',1,'	4754400129858165','100.0','0','2619.1','2519.1',45),(3900,'2019-11-05 09:53:37','支出','充值',1,'	4754400118478546','300.0','0','2519.1','2219.1',45),(3901,'2019-11-05 09:55:47','支出','充值',1,'	4754400153949278','300.0','0','2219.1','1919.1',45),(3902,'2019-11-05 09:58:19','支出','充值',1,'	4754400144458645','200.0','0','1919.1','1719.1',45),(3903,'2019-11-05 10:05:33','支出','充值',1,'	4754400185582741','200.0','0','1719.1','1519.1',45),(3904,'2019-11-05 10:19:57','支出','充值',1,'	4754400199627383','200.0','0','1519.1','1319.1',45),(3905,'2019-11-05 10:30:44','支出','充值',1,'	4754400190247371','500.0','0','1319.1','819.1',45),(3906,'2019-11-05 10:32:49','支出','充值',1,'	4754400129794089','300.0','0','819.1','519.1',45),(3907,'2019-11-05 11:08:03','支出','充值',1,'	4754400138469285','500.0','0','519.1','19.1',45),(3908,'2019-11-05 12:14:54','支出','充值',1,'	4754400183799719','2.0','0','61.0','59.0',158),(3909,'2019-11-05 13:48:13','支出','充值',1,'	4754400112936739','300.0','0','10019.1','9719.1',45),(3910,'2019-11-05 14:00:58','支出','充值',1,'	4754400155583513','200.0','0','9719.1','9519.1',45),(3911,'2019-11-05 14:03:04','支出','充值',1,'	4754400124489511','200.0','0','9519.1','9319.1',45),(3912,'2019-11-05 14:55:26','收入','退款',1,'4754400158467896','10.0','0','59.0','69.0',158),(3913,'2019-11-05 15:30:37','支出','充值',1,'	4754400185582741','200.0','0','9319.1','9119.1',45),(3932,'2019-11-05 16:37:55','支出','开卡',1,'4754400122490727','10.0','0','8849.1','8839.1',45),(3933,'2019-11-05 16:37:55','支出','充值',1,'4754400122490727','3','0','8839.1','8836.1',45),(3934,'2019-11-05 16:38:48','收入','退款',1,'4754400122490727','3.0','0','8836.1','8839.1',45),(3935,'2019-11-05 16:41:47','支出','充值',1,'	4754400151845700','4.0','0','8839.1','8835.1',45),(3936,'2019-11-05 17:21:51','支出','充值',1,'	4754400177238666','100.0','0','8835.1','8735.1',45),(3937,'2019-11-05 17:24:03','支出','充值',1,'	4754400124489511','100.0','0','8735.1','8635.1',45),(3938,'2019-11-05 17:35:04','支出','充值',1,'	4754400123709158','100.0','0','8635.1','8535.1',45),(3939,'2019-11-05 17:39:30','支出','充值',1,'	4754400177238666','100.0','0','8535.1','8435.1',45),(3940,'2019-11-05 17:43:49','支出','充值',1,'	4754400159197070','300.0','0','8435.1','8135.1',45),(3941,'2019-11-05 17:51:05','支出','充值',1,'	4754400111656866','100.0','0','8135.1','8035.1',45),(3942,'2019-11-05 17:55:55','支出','充值',1,'	4754400126022674','400.0','0','8035.1','7635.1',45),(3943,'2019-11-05 19:28:05','支出','充值',1,'	4754400183032434','100.0','0','7635.1','7535.1',45),(3944,'2019-11-05 19:29:51','支出','充值',1,'	4754400107098594','100.0','0','7535.1','7435.1',45),(3945,'2019-11-05 19:30:58','支出','充值',1,'	4754400102397538','100.0','0','7435.1','7335.1',45),(3946,'2019-11-05 19:34:59','支出','充值',1,'	4754400114842091','200.0','0','7335.1','7135.1',45),(3947,'2019-11-05 19:36:33','支出','充值',1,'	4754400195503307','100.0','0','7135.1','7035.1',45),(3948,'2019-11-05 19:38:56','支出','充值',1,'	4754400150813048','4.0','0','7035.1','7031.1',45),(3949,'2019-11-05 19:39:06','支出','充值',1,'	4754400187697323','200.0','0','7031.1','6831.1',45),(3950,'2019-11-05 19:40:05','支出','充值',1,'	4754400171985379','200.0','0','6831.1','6631.1',45),(3951,'2019-11-05 19:41:08','支出','充值',1,'	4754400132021355','200.0','0','6631.1','6431.1',45),(3952,'2019-11-05 19:42:21','支出','充值',1,'	4754400179680667','200.0','0','6431.1','6231.1',45),(3953,'2019-11-05 19:43:07','支出','充值',1,'	4754400148234323','200.0','0','6231.1','6031.1',45),(3954,'2019-11-05 19:44:05','支出','充值',1,'	4754400193096312','200.0','0','6031.1','5831.1',45),(3955,'2019-11-05 19:48:56','支出','充值',1,'	4754400131360846','1.0','0','5831.1','5830.1',45),(3956,'2019-11-05 20:08:52','支出','开卡',1,'4754400196048831','10.0','0','5830.1','5820.1',45),(3957,'2019-11-05 20:08:53','支出','充值',1,'4754400196048831','50','0','5820.1','5770.1',45),(3958,'2019-11-05 20:09:03','支出','开卡',1,'4754400143890855','10.0','0','5770.1','5760.1',45),(3959,'2019-11-05 20:09:03','支出','充值',1,'4754400143890855','50','0','5760.1','5710.1',45),(3960,'2019-11-05 20:09:14','支出','开卡',1,'4754400144502343','10.0','0','5710.1','5700.1',45),(3961,'2019-11-05 20:09:14','支出','充值',1,'4754400144502343','50','0','5700.1','5650.1',45),(3962,'2019-11-05 20:09:29','支出','开卡',1,'4754400165353006','10.0','0','5650.1','5640.1',45),(3963,'2019-11-05 20:09:29','支出','充值',1,'4754400165353006','50','0','5640.1','5590.1',45),(3964,'2019-11-05 20:09:40','支出','开卡',1,'4754400130368402','10.0','0','5590.1','5580.1',45),(3965,'2019-11-05 20:09:40','支出','充值',1,'4754400130368402','50','0','5580.1','5530.1',45),(3966,'2019-11-05 20:09:50','支出','开卡',1,'4754400127312645','10.0','0','5530.1','5520.1',45),(3967,'2019-11-05 20:09:50','支出','充值',1,'4754400127312645','50','0','5520.1','5470.1',45),(3968,'2019-11-05 20:10:01','支出','开卡',1,'4754400158617607','10.0','0','5470.1','5460.1',45),(3969,'2019-11-05 20:10:01','支出','充值',1,'4754400158617607','50','0','5460.1','5410.1',45),(3970,'2019-11-05 20:10:13','支出','开卡',1,'4754400147620761','10.0','0','5410.1','5400.1',45),(3971,'2019-11-05 20:10:13','支出','充值',1,'4754400147620761','50','0','5400.1','5350.1',45),(3972,'2019-11-05 20:10:25','支出','开卡',1,'4754400141503187','10.0','0','5350.1','5340.1',45),(3973,'2019-11-05 20:10:25','支出','充值',1,'4754400141503187','50','0','5340.1','5290.1',45),(3974,'2019-11-05 20:10:41','支出','开卡',1,'4754400128848779','10.0','0','5290.1','5280.1',45),(3975,'2019-11-05 20:10:41','支出','充值',1,'4754400128848779','50','0','5280.1','5230.1',45),(3976,'2019-11-05 20:11:59','支出','开卡',1,'4754400192051581','10.0','0','5230.1','5220.1',45),(3977,'2019-11-05 20:11:59','支出','充值',1,'4754400192051581','50','0','5220.1','5170.1',45),(3978,'2019-11-05 20:12:11','支出','开卡',1,'4754400143926683','10.0','0','5170.1','5160.1',45),(3979,'2019-11-05 20:12:11','支出','充值',1,'4754400143926683','50','0','5160.1','5110.1',45),(3980,'2019-11-05 20:24:38','收入','退款',1,'4754400150073338','10.0','0','5110.1','5120.1',45),(3981,'2019-11-06 09:51:46','支出','充值',1,'	4754400145680049','100.0','0','5120.1','5020.1',45),(3982,'2019-11-06 10:07:56','支出','充值',1,'	4754400123537120','700.0','0','5020.1','4320.1',45),(3983,'2019-11-06 10:53:17','支出','充值',1,'	4754400190247371','800.0','0','4320.1','3520.1',45),(3984,'2019-11-06 10:58:09','支出','充值',1,'	4754400100202532','1000.0','0','3520.1','2520.1',45),(3985,'2019-11-06 11:05:37','支出','充值',1,'	4754400117044414','300.0','0','2520.1','2220.1',45),(3986,'2019-11-06 11:46:32','支出','充值',1,'	4754400123709158','200.0','0','2220.1','2020.1',45),(3987,'2019-11-06 11:53:12','支出','充值',1,'	4754400104759743','50.0','0','2020.1','1970.1',45),(3988,'2019-11-06 11:56:32','支出','充值',1,'	4754400138449519','400.0','0','1970.1','1570.1',45),(3989,'2019-11-06 11:58:44','支出','充值',1,'	4754400166915480','200.0','0','1570.1','1370.1',45),(3990,'2019-11-06 12:01:34','支出','充值',1,'	4754400111656866','200.0','0','1370.1','1170.1',45),(3991,'2019-11-06 12:03:48','支出','充值',1,'	4754400177953652','200.0','0','1170.1','970.1',45),(3992,'2019-11-06 12:06:48','支出','充值',1,'	4754400129557940','300.0','0','970.1','670.1',45),(3993,'2019-11-06 12:09:06','支出','充值',1,'	4754400156163844','300.0','0','670.1','370.1',45),(3994,'2019-11-06 12:10:01','支出','充值',1,'	4754400139747598','100.0','0','370.1','270.1',45),(3995,'2019-11-06 13:41:28','支出','充值',1,'	4754400175723446','100.0','0','270.1','170.1',45),(3996,'2019-11-06 14:13:15','支出','充值',1,'	4754400107094205','100.0','0','170.1','70.1',45),(3997,'2019-11-06 14:49:36','支出','充值',1,'	4754400116699168','200.0','0','10070.1','9870.1',45),(3998,'2019-11-06 14:52:06','支出','开卡',1,'4754400102062694','10.0','0','9870.1','9860.1',45),(3999,'2019-11-06 14:52:06','支出','充值',1,'4754400102062694','10','0','9860.1','9850.1',45),(4000,'2019-11-06 14:52:18','支出','开卡',1,'4754400131314215','10.0','0','9850.1','9840.1',45),(4001,'2019-11-06 14:52:18','支出','充值',1,'4754400131314215','10','0','9840.1','9830.1',45),(4002,'2019-11-06 14:52:35','支出','开卡',1,'4754400142669482','10.0','0','9830.1','9820.1',45),(4003,'2019-11-06 14:52:35','支出','充值',1,'4754400142669482','10','0','9820.1','9810.1',45),(4004,'2019-11-06 14:52:48','支出','开卡',1,'4754400175079088','10.0','0','9810.1','9800.1',45),(4005,'2019-11-06 14:52:48','支出','充值',1,'4754400175079088','10','0','9800.1','9790.1',45),(4006,'2019-11-06 14:52:59','支出','开卡',1,'4754400103991859','10.0','0','9790.1','9780.1',45),(4007,'2019-11-06 14:52:59','支出','充值',1,'4754400103991859','10','0','9780.1','9770.1',45),(4008,'2019-11-06 14:53:11','支出','开卡',1,'4754400106224274','10.0','0','9770.1','9760.1',45),(4009,'2019-11-06 14:53:11','支出','充值',1,'4754400106224274','10','0','9760.1','9750.1',45),(4010,'2019-11-06 14:53:23','支出','开卡',1,'4754400194892974','10.0','0','9750.1','9740.1',45),(4011,'2019-11-06 14:53:23','支出','充值',1,'4754400194892974','10','0','9740.1','9730.1',45),(4012,'2019-11-06 14:53:34','支出','开卡',1,'4754400184534396','10.0','0','9730.1','9720.1',45),(4013,'2019-11-06 14:53:34','支出','充值',1,'4754400184534396','10','0','9720.1','9710.1',45),(4014,'2019-11-06 14:53:47','支出','开卡',1,'4754400118757865','10.0','0','9710.1','9700.1',45),(4015,'2019-11-06 14:53:47','支出','充值',1,'4754400118757865','10','0','9700.1','9690.1',45),(4016,'2019-11-06 14:53:59','支出','开卡',1,'4754400105480075','10.0','0','9690.1','9680.1',45),(4017,'2019-11-06 14:53:59','支出','充值',1,'4754400105480075','10','0','9680.1','9670.1',45),(4018,'2019-11-06 15:52:02','支出','充值',1,'	4754400143973875','500.0','0','9670.1','9170.1',45),(4019,'2019-11-06 15:55:08','支出','开卡',1,'4754400105801908','10.0','0','9170.1','9160.1',45),(4020,'2019-11-06 15:55:08','支出','充值',1,'4754400105801908','3','0','9160.1','9157.1',45),(4021,'2019-11-06 15:59:11','支出','开卡',1,'4754400100572355','10.0','0','9157.1','9147.1',45),(4022,'2019-11-06 15:59:11','支出','充值',1,'4754400100572355','3','0','9147.1','9144.1',45),(4023,'2019-11-06 15:59:27','支出','开卡',1,'4754400134481219','10.0','0','9144.1','9134.1',45),(4024,'2019-11-06 15:59:27','支出','充值',1,'4754400134481219','3','0','9134.1','9131.1',45),(4025,'2019-11-06 16:02:35','收入','退款',1,'4754400134481219','3.0','0','9131.1','9134.1',45),(4026,'2019-11-06 16:02:53','收入','退款',1,'4754400100572355','3.0','0','9134.1','9137.1',45),(4027,'2019-11-06 16:03:07','收入','退款',1,'4754400105801908','3.0','0','9137.1','9140.1',45),(4028,'2019-11-06 18:26:11','支出','开卡',1,'4754400135225276','10.0','0','69.0','59.0',158),(4029,'2019-11-06 18:26:11','支出','充值',1,'4754400135225276','10','0','59.0','49.0',158),(4030,'2019-11-06 18:26:41','支出','开卡',1,'4754400101737312','10.0','0','49.0','39.0',158),(4031,'2019-11-06 18:26:41','支出','充值',1,'4754400101737312','10','0','39.0','29.0',158),(4032,'2019-11-06 18:26:55','支出','开卡',1,'4754400137132926','10.0','0','29.0','19.0',158),(4033,'2019-11-06 18:26:55','支出','充值',1,'4754400137132926','10','0','19.0','9.0',158),(4034,'2019-11-06 18:28:13','支出','充值',1,'	4754400101737312','2.0','0','9.0','7.0',158),(4035,'2019-11-06 18:28:26','收入','退款',1,'4754400101737312','12.0','0','7.0','19.0',158),(4036,'2019-11-06 18:28:32','收入','退款',1,'4754400137132926','10.0','0','19.0','29.0',158),(4037,'2019-11-06 18:28:34','收入','退款',1,'4754400135225276','10.0','0','29.0','39.0',158),(4038,'2019-11-06 18:29:12','收入','退款',1,'4754400118167271','10.0','0','39.0','49.0',158),(4039,'2019-11-06 18:29:13','收入','退款',1,'4754400136278688','10.0','0','49.0','59.0',158),(4040,'2019-11-06 18:29:16','收入','退款',1,'4754400135165258','13.0','0','59.0','72.0',158),(4041,'2019-11-06 21:08:50','支出','开卡',1,'4754400184401505','10.0','0','9140.1','9130.1',45),(4042,'2019-11-06 21:08:50','支出','充值',1,'4754400184401505','300','0','9130.1','8830.1',45),(4043,'2019-11-06 21:09:03','支出','开卡',1,'4754400121269122','10.0','0','8830.1','8820.1',45),(4044,'2019-11-06 21:09:03','支出','充值',1,'4754400121269122','300','0','8820.1','8520.1',45),(4045,'2019-11-06 21:12:17','支出','充值',1,'	4754400121269122','350.0','0','8520.1','8170.1',45),(4046,'2019-11-06 21:13:06','支出','充值',1,'	4754400184401505','350.0','0','8170.1','7820.1',45),(4047,'2019-11-07 09:14:13','支出','充值',1,'	4754400154469185','300.0','0','7820.1','7520.1',45),(4048,'2019-11-07 09:33:14','支出','充值',1,'	4754400125442162','500.0','0','7520.1','7020.1',45),(4049,'2019-11-07 09:50:57','支出','充值',1,'	4754400170555082','100.0','0','7020.1','6920.1',45),(4050,'2019-11-07 10:53:30','支出','充值',1,'	4754400159197070','200.0','0','6920.1','6720.1',45),(4051,'2019-11-07 11:22:05','支出','充值',1,'	4754400117374258','200.0','0','6720.1','6520.1',45),(4052,'2019-11-07 11:24:32','支出','充值',1,'	4754400160975597','200.0','0','6520.1','6320.1',45),(4053,'2019-11-07 11:26:53','支出','充值',1,'	4754400190247371','300.0','0','6320.1','6020.1',45),(4054,'2019-11-07 13:37:36','支出','充值',1,'	4754400177953652','1300.0','0','6020.1','4720.1',45),(4055,'2019-11-07 13:39:45','支出','充值',1,'	4754400129557940','300.0','0','4720.1','4420.1',45),(4056,'2019-11-07 13:41:57','支出','充值',1,'	4754400157244643','300.0','0','4420.1','4120.1',45),(4057,'2019-11-07 13:45:28','支出','充值',1,'	4754400126022674','1200.0','0','4120.1','2920.1',45),(4058,'2019-11-07 13:48:03','支出','充值',1,'	4754400138449519','1200.0','0','2920.1','1720.1',45),(4059,'2019-11-07 13:50:30','支出','充值',1,'	4754400166915480','500.0','0','1720.1','1220.1',45),(4060,'2019-11-07 13:52:51','支出','充值',1,'	4754400111656866','200.0','0','1220.1','1020.1',45),(4061,'2019-11-07 13:55:18','支出','充值',1,'	4754400143926683','300.0','0','1020.1','720.1',45),(4062,'2019-11-07 13:57:46','支出','充值',1,'	4754400114687959','100.0','0','720.1','620.1',45),(4063,'2019-11-07 14:00:45','支出','充值',1,'	4754400156163844','200.0','0','620.1','420.1',45),(4064,'2019-11-07 14:03:02','支出','充值',1,'	4754400170821294','200.0','0','420.1','220.1',45),(4065,'2019-11-07 14:08:47','支出','充值',1,'	4754400148832704','100.0','0','220.1','120.1',45),(4066,'2019-11-07 14:11:22','支出','充值',1,'	4754400100202532','100.0','0','120.1','20.1',45),(4067,'2019-11-07 14:46:14','支出','充值',1,'	4754400124489511','100.0','0','10020.1','9920.1',45),(4068,'2019-11-07 15:08:14','支出','开卡',1,'4754400174657611','10.0','0','9920.1','9910.1',45),(4069,'2019-11-07 15:08:14','支出','充值',1,'4754400174657611','20','0','9910.1','9890.1',45),(4070,'2019-11-07 16:31:28','支出','开卡',1,'4754400148570809','1.0','0','100.0','99.0',159),(4071,'2019-11-07 16:31:28','支出','充值',1,'4754400148570809','3','0','99.0','96.0',159),(4072,'2019-11-07 16:43:54','支出','开卡',1,'4754400140604382','1.0','0','96.0','95.0',159),(4073,'2019-11-07 16:43:54','支出','充值',1,'4754400140604382','3','0','95.0','92.0',159),(4074,'2019-11-07 16:44:06','支出','开卡',1,'4754400145952976','1.0','0','92.0','91.0',159),(4075,'2019-11-07 16:44:06','支出','充值',1,'4754400145952976','3','0','91.0','88.0',159),(4076,'2019-11-07 16:44:17','支出','开卡',1,'4754400140101777','1.0','0','88.0','87.0',159),(4077,'2019-11-07 16:44:17','支出','充值',1,'4754400140101777','3','0','87.0','84.0',159),(4078,'2019-11-07 16:55:46','支出','充值',1,'	4754400138469285','500.0','0','9890.1','9390.1',45),(4079,'2019-11-07 17:27:47','支出','开卡',913477,'4754400191929050','1.0','0','84.0','83.0',159),(4080,'2019-11-07 17:27:47','支出','充值',913477,'4754400191929050','3','0','83.0','80.0',159),(4081,'2019-11-07 17:30:12','支出','充值',911595,'	4754400126022674','500.0','0','9390.1','8890.1',45),(4082,'2019-11-07 17:35:57','支出','充值',911592,'	4754400138449519','700.0','0','8890.1','8190.1',45),(4083,'2019-11-07 17:39:13','支出','充值',912879,'	4754400143926683','300.0','0','8190.1','7890.1',45),(4084,'2019-11-07 17:41:46','支出','充值',912563,'	4754400127374306','150.0','0','7890.1','7740.1',45),(4085,'2019-11-07 17:44:16','支出','充值',912559,'	4754400194581866','100.0','0','7740.1','7640.1',45),(4086,'2019-11-07 17:46:57','支出','充值',912876,'	4754400141503187','200.0','0','7640.1','7440.1',45),(4087,'2019-11-07 17:49:09','支出','充值',912570,'	4754400147825717','900.0','0','7440.1','6540.1',45),(4088,'2019-11-07 20:15:30','支出','开卡',913485,'4754400159133034','10.0','0','6540.1','6530.1',45),(4089,'2019-11-07 20:15:30','支出','充值',913485,'4754400159133034','500','0','6530.1','6030.1',45),(4090,'2019-11-07 20:15:42','支出','开卡',913486,'4754400189702972','10.0','0','6030.1','6020.1',45),(4091,'2019-11-07 20:15:42','支出','充值',913486,'4754400189702972','500','0','6020.1','5520.1',45),(4092,'2019-11-07 20:15:58','支出','开卡',913487,'4754400119830539','10.0','0','5520.1','5510.1',45),(4093,'2019-11-07 20:15:58','支出','充值',913487,'4754400119830539','500','0','5510.1','5010.1',45),(4094,'2019-11-07 20:16:11','支出','开卡',913488,'4754400112480381','10.0','0','5010.1','5000.1',45),(4095,'2019-11-07 20:16:11','支出','充值',913488,'4754400112480381','500','0','5000.1','4500.1',45),(4096,'2019-11-07 20:40:08','支出','开卡',913490,'4754400190145443','10.0','0','4500.1','4490.1',45),(4097,'2019-11-07 20:40:08','支出','充值',913490,'4754400190145443','335','0','4490.1','4155.1',45),(4098,'2019-11-07 20:40:31','支出','开卡',913491,'4754400172806806','10.0','0','4155.1','4145.1',45),(4099,'2019-11-07 20:40:31','支出','充值',913491,'4754400172806806','335','0','4145.1','3810.1',45),(4100,'2019-11-08 09:03:10','支出','充值',878872,'	4754400110740174','100.0','0','3810.1','3710.1',45),(4101,'2019-11-08 09:23:25','支出','充值',860523,'	4754400123537120','500.0','0','3710.1','3210.1',45),(4102,'2019-11-08 09:37:39','支出','充值',913207,'	4754400121269122','500.0','0','3210.1','2710.1',45),(4103,'2019-11-08 09:48:11','支出','充值',860523,'	4754400123537120','1000.0','0','2710.1','1710.1',45),(4104,'2019-11-08 09:57:56','支出','充值',902383,'	4754400197003207','100.0','0','1710.1','1610.1',45),(4105,'2019-11-08 10:04:29','支出','充值',877343,'	4754400125442162','500.0','0','1610.1','1110.1',45),(4106,'2019-11-08 10:28:01','支出','充值',911345,'	4754400146735693','100.0','0','1110.1','1010.1',45),(4107,'2019-11-08 11:41:53','支出','开卡',913666,'4754400190659575','10.0','0','11010.1','11000.1',45),(4108,'2019-11-08 11:41:53','支出','充值',913666,'4754400190659575','200','0','11000.1','10800.1',45),(4109,'2019-11-08 11:42:03','支出','开卡',913667,'4754400197604806','10.0','0','10800.1','10790.1',45),(4110,'2019-11-08 11:42:03','支出','充值',913667,'4754400197604806','200','0','10790.1','10590.1',45),(4111,'2019-11-08 11:42:15','支出','开卡',913668,'4754400187031507','10.0','0','10590.1','10580.1',45),(4112,'2019-11-08 11:42:15','支出','充值',913668,'4754400187031507','200','0','10580.1','10380.1',45),(4113,'2019-11-08 11:42:25','支出','开卡',913669,'4754400104530508','10.0','0','10380.1','10370.1',45),(4114,'2019-11-08 11:42:25','支出','充值',913669,'4754400104530508','200','0','10370.1','10170.1',45),(4115,'2019-11-08 11:42:37','支出','开卡',913670,'4754400150379123','10.0','0','10170.1','10160.1',45),(4116,'2019-11-08 11:42:37','支出','充值',913670,'4754400150379123','200','0','10160.1','9960.1',45),(4117,'2019-11-08 11:42:46','支出','开卡',913671,'4754400104854486','10.0','0','9960.1','9950.1',45),(4118,'2019-11-08 11:42:46','支出','充值',913671,'4754400104854486','200','0','9950.1','9750.1',45),(4119,'2019-11-08 12:02:06','支出','充值',861758,'	4754400184905869','500.0','0','9750.1','9250.1',45),(4120,'2019-11-08 12:06:59','支出','充值',878822,'	4754400150496323','1000.0','0','9250.1','8250.1',45),(4121,'2019-11-08 13:20:44','支出','充值',912566,'	4754400162546339','200.0','0','8250.1','8050.1',45),(4122,'2019-11-08 13:24:24','支出','充值',912565,'	4754400142643701','200.0','0','8050.1','7850.1',45),(4123,'2019-11-08 13:26:26','支出','充值',912559,'	4754400194581866','100.0','0','7850.1','7750.1',45),(4124,'2019-11-08 13:28:33','支出','充值',912558,'	4754400148832704','100.0','0','7750.1','7650.1',45),(4125,'2019-11-08 13:30:39','支出','充值',912563,'	4754400127374306','215.0','0','7650.1','7435.1',45),(4126,'2019-11-08 13:33:09','支出','充值',908803,'	4754400101982488','600.0','0','7435.1','6835.1',45),(4127,'2019-11-08 13:35:32','支出','充值',911595,'	4754400126022674','500.0','0','6835.1','6335.1',45),(4128,'2019-11-08 13:38:05','支出','充值',908806,'	4754400157244643','500.0','0','6335.1','5835.1',45),(4129,'2019-11-08 13:40:30','支出','充值',911594,'	4754400104759743','500.0','0','5835.1','5335.1',45),(4130,'2019-11-08 13:43:13','支出','充值',911593,'	4754400156163844','500.0','0','5335.1','4835.1',45),(4131,'2019-11-08 13:45:27','支出','充值',912567,'	4754400139747598','200.0','0','4835.1','4635.1',45),(4132,'2019-11-08 13:47:08','支出','充值',912879,'	4754400143926683','500.0','0','4635.1','4135.1',45),(4133,'2019-11-08 13:49:17','支出','充值',912876,'	4754400141503187','100.0','0','4135.1','4035.1',45),(4134,'2019-11-08 13:51:28','支出','充值',911592,'	4754400138449519','200.0','0','4035.1','3835.1',45),(4135,'2019-11-08 13:54:08','支出','充值',912878,'	4754400192051581','350.0','0','3835.1','3485.1',45),(4136,'2019-11-08 14:23:41','支出','充值',878874,'	4754400113844809','100.0','0','3485.1','3385.1',45),(4137,'2019-11-08 14:26:32','支出','充值',912836,'	4754400147588794','100.0','0','3385.1','3285.1',45),(4138,'2019-11-08 15:07:15','支出','开卡',913706,'4754400158366627','10.0','0','3285.1','3275.1',45),(4139,'2019-11-08 15:07:15','支出','充值',913706,'4754400158366627','200','0','3275.1','3075.1',45),(4140,'2019-11-08 15:11:53','支出','开卡',913708,'4754400136736503','10.0','0','3075.1','3065.1',45),(4141,'2019-11-08 15:11:53','支出','充值',913708,'4754400136736503','50','0','3065.1','3015.1',45),(4142,'2019-11-08 15:12:05','支出','开卡',913709,'4754400108263965','10.0','0','3015.1','3005.1',45),(4143,'2019-11-08 15:12:05','支出','充值',913709,'4754400108263965','50','0','3005.1','2955.1',45),(4144,'2019-11-08 15:13:12','支出','充值',912842,'	4754400135345454','200.0','0','2955.1','2755.1',45),(4145,'2019-11-08 15:19:14','支出','充值',902380,'	4754400191473554','100.0','0','2755.1','2655.1',45),(4146,'2019-11-08 15:24:53','支出','充值',913670,'	4754400150379123','200.0','0','2655.1','2455.1',45),(4147,'2019-11-08 15:58:47','支出','充值',913668,'	4754400187031507','300.0','0','2455.1','2155.1',45),(4148,'2019-11-08 16:05:58','支出','充值',913671,'	4754400104854486','300.0','0','2155.1','1855.1',45),(4149,'2019-11-08 16:08:09','支出','充值',913667,'	4754400197604806','200.0','0','1855.1','1655.1',45),(4150,'2019-11-08 17:44:16','支出','充值',912570,'	4754400147825717','200.0','0','1655.1','1455.1',45),(4151,'2019-11-08 17:47:07','支出','充值',912559,'	4754400194581866','100.0','0','1455.1','1355.1',45),(4152,'2019-11-08 17:48:55','支出','充值',912566,'	4754400162546339','400.0','0','1355.1','955.1',45),(4153,'2019-11-08 17:52:49','支出','充值',911591,'	4754400172538508','150.0','0','955.1','805.1',45),(4154,'2019-11-08 19:34:27','支出','充值',912578,'	4754400155475371','100.0','0','10805.1','10705.1',45),(4155,'2019-11-09 10:10:04','支出','开卡',913986,'4754400192121657','2.0','0','10705.1','10703.1',45),(4156,'2019-11-09 10:10:04','支出','充值',913986,'4754400192121657','50','0','10703.1','10653.1',45),(4157,'2019-11-09 10:10:17','支出','开卡',913987,'4754400136007582','2.0','0','10653.1','10651.1',45),(4158,'2019-11-09 10:10:17','支出','充值',913987,'4754400136007582','50','0','10651.1','10601.1',45),(4159,'2019-11-09 10:10:28','支出','开卡',913988,'4754400173994700','2.0','0','10601.1','10599.1',45),(4160,'2019-11-09 10:10:28','支出','充值',913988,'4754400173994700','50','0','10599.1','10549.1',45),(4161,'2019-11-09 10:10:40','支出','开卡',913989,'4754400107258487','2.0','0','10549.1','10547.1',45),(4162,'2019-11-09 10:10:40','支出','充值',913989,'4754400107258487','50','0','10547.1','10497.1',45),(4163,'2019-11-09 10:10:54','支出','开卡',913990,'4754400142330663','2.0','0','10497.1','10495.1',45),(4164,'2019-11-09 10:10:54','支出','充值',913990,'4754400142330663','50','0','10495.1','10445.1',45),(4165,'2019-11-09 10:11:06','支出','开卡',913991,'4754400169060995','2.0','0','10445.1','10443.1',45),(4166,'2019-11-09 10:11:06','支出','充值',913991,'4754400169060995','50','0','10443.1','10393.1',45),(4167,'2019-11-09 10:11:21','支出','开卡',913992,'4754400101951210','2.0','0','10393.1','10391.1',45),(4168,'2019-11-09 10:11:21','支出','充值',913992,'4754400101951210','50','0','10391.1','10341.1',45),(4169,'2019-11-09 10:11:36','支出','开卡',913994,'4754400124257363','2.0','0','10341.1','10339.1',45),(4170,'2019-11-09 10:11:36','支出','充值',913994,'4754400124257363','50','0','10339.1','10289.1',45),(4171,'2019-11-09 10:11:50','支出','开卡',913995,'4754400177008754','2.0','0','10289.1','10287.1',45),(4172,'2019-11-09 10:11:51','支出','充值',913995,'4754400177008754','50','0','10287.1','10237.1',45),(4173,'2019-11-09 10:12:02','支出','开卡',913996,'4754400182138174','2.0','0','10237.1','10235.1',45),(4174,'2019-11-09 10:12:03','支出','充值',913996,'4754400182138174','50','0','10235.1','10185.1',45),(4175,'2019-11-09 10:26:28','支出','开卡',913998,'4754400108037674','2.0','0','10185.1','10183.1',45),(4176,'2019-11-09 10:26:28','支出','充值',913998,'4754400108037674','50','0','10183.1','10133.1',45),(4177,'2019-11-09 10:26:40','支出','开卡',913999,'4754400159502519','2.0','0','10133.1','10131.1',45),(4178,'2019-11-09 10:26:40','支出','充值',913999,'4754400159502519','50','0','10131.1','10081.1',45),(4179,'2019-11-09 10:26:56','支出','开卡',914000,'4754400148237714','2.0','0','10081.1','10079.1',45),(4180,'2019-11-09 10:26:56','支出','充值',914000,'4754400148237714','50','0','10079.1','10029.1',45),(4181,'2019-11-09 10:27:07','支出','开卡',914001,'4754400134516899','2.0','0','10029.1','10027.1',45),(4182,'2019-11-09 10:27:07','支出','充值',914001,'4754400134516899','50','0','10027.1','9977.1',45),(4183,'2019-11-09 10:27:20','支出','开卡',914002,'4754400185063817','2.0','0','9977.1','9975.1',45),(4184,'2019-11-09 10:27:20','支出','充值',914002,'4754400185063817','50','0','9975.1','9925.1',45),(4185,'2019-11-09 10:27:30','支出','开卡',914003,'4754400171320783','2.0','0','9925.1','9923.1',45),(4186,'2019-11-09 10:27:30','支出','充值',914003,'4754400171320783','50','0','9923.1','9873.1',45),(4187,'2019-11-09 10:27:42','支出','开卡',914004,'4754400121004651','2.0','0','9873.1','9871.1',45),(4188,'2019-11-09 10:27:42','支出','充值',914004,'4754400121004651','50','0','9871.1','9821.1',45),(4189,'2019-11-09 10:27:54','支出','开卡',914005,'4754400120882909','2.0','0','9821.1','9819.1',45),(4190,'2019-11-09 10:27:54','支出','充值',914005,'4754400120882909','50','0','9819.1','9769.1',45),(4191,'2019-11-09 10:28:05','支出','开卡',914006,'4754400165019870','2.0','0','9769.1','9767.1',45),(4192,'2019-11-09 10:28:05','支出','充值',914006,'4754400165019870','50','0','9767.1','9717.1',45),(4193,'2019-11-09 10:28:17','支出','开卡',914007,'4754400125811747','2.0','0','9717.1','9715.1',45),(4194,'2019-11-09 10:28:17','支出','充值',914007,'4754400125811747','50','0','9715.1','9665.1',45),(4195,'2019-11-09 11:45:53','支出','开卡',914638,'4754400126174087','2.0','0','9665.1','9663.1',45),(4196,'2019-11-09 11:45:53','支出','充值',914638,'4754400126174087','20','0','9663.1','9643.1',45),(4197,'2019-11-09 11:46:05','支出','开卡',914641,'4754400134483496','2.0','0','9643.1','9641.1',45),(4198,'2019-11-09 11:46:05','支出','充值',914641,'4754400134483496','20','0','9641.1','9621.1',45),(4199,'2019-11-09 11:46:21','支出','开卡',914645,'4754400142778036','2.0','0','9621.1','9619.1',45),(4200,'2019-11-09 11:46:21','支出','充值',914645,'4754400142778036','20','0','9619.1','9599.1',45),(4201,'2019-11-09 11:46:33','支出','开卡',914649,'4754400175998501','2.0','0','9599.1','9597.1',45),(4202,'2019-11-09 11:46:33','支出','充值',914649,'4754400175998501','20','0','9597.1','9577.1',45),(4203,'2019-11-09 11:46:48','支出','开卡',914653,'4754400109843518','2.0','0','9577.1','9575.1',45),(4204,'2019-11-09 11:46:48','支出','充值',914653,'4754400109843518','20','0','9575.1','9555.1',45),(4205,'2019-11-09 18:13:18','支出','开卡',915049,'4754400144754357','2.0','0','9555.1','9553.1',45),(4206,'2019-11-09 18:13:18','支出','充值',915049,'4754400144754357','20','0','9553.1','9533.1',45),(4207,'2019-11-09 18:13:31','支出','开卡',915050,'4754400145892305','2.0','0','9533.1','9531.1',45),(4208,'2019-11-09 18:13:31','支出','充值',915050,'4754400145892305','20','0','9531.1','9511.1',45),(4209,'2019-11-09 18:13:43','支出','开卡',915051,'4754400170423620','2.0','0','9511.1','9509.1',45),(4210,'2019-11-09 18:13:43','支出','充值',915051,'4754400170423620','20','0','9509.1','9489.1',45),(4211,'2019-11-09 18:13:57','支出','开卡',915052,'4754400131868418','2.0','0','9489.1','9487.1',45),(4212,'2019-11-09 18:13:57','支出','充值',915052,'4754400131868418','20','0','9487.1','9467.1',45),(4213,'2019-11-09 18:14:10','支出','开卡',915053,'4754400132444136','2.0','0','9467.1','9465.1',45),(4214,'2019-11-09 18:14:10','支出','充值',915053,'4754400132444136','20','0','9465.1','9445.1',45),(4215,'2019-11-11 10:10:47','支出','开卡',915352,'4754400177353879','2.0','0','9445.1','9443.1',45),(4216,'2019-11-11 10:10:47','支出','充值',915352,'4754400177353879','20','0','9443.1','9423.1',45),(4217,'2019-11-11 10:11:00','支出','开卡',915353,'4754400165984149','2.0','0','9423.1','9421.1',45),(4218,'2019-11-11 10:11:00','支出','充值',915353,'4754400165984149','20','0','9421.1','9401.1',45),(4219,'2019-11-11 10:11:12','支出','开卡',915354,'4754400179708823','2.0','0','9401.1','9399.1',45),(4220,'2019-11-11 10:11:12','支出','充值',915354,'4754400179708823','20','0','9399.1','9379.1',45),(4221,'2019-11-11 10:11:23','支出','开卡',915355,'4754400129112985','2.0','0','9379.1','9377.1',45),(4222,'2019-11-11 10:11:23','支出','充值',915355,'4754400129112985','20','0','9377.1','9357.1',45),(4223,'2019-11-11 10:11:35','支出','开卡',915356,'4754400188185831','2.0','0','9357.1','9355.1',45),(4224,'2019-11-11 10:11:35','支出','充值',915356,'4754400188185831','20','0','9355.1','9335.1',45),(4225,'2019-11-11 10:13:16','支出','开卡',915357,'4754400198635718','2.0','0','9335.1','9333.1',45),(4226,'2019-11-11 10:13:16','支出','充值',915357,'4754400198635718','20','0','9333.1','9313.1',45),(4227,'2019-11-11 10:13:27','支出','开卡',915358,'4754400165030422','2.0','0','9313.1','9311.1',45),(4228,'2019-11-11 10:13:27','支出','充值',915358,'4754400165030422','20','0','9311.1','9291.1',45),(4229,'2019-11-11 10:13:38','支出','开卡',915359,'4754400142141045','2.0','0','9291.1','9289.1',45),(4230,'2019-11-11 10:13:38','支出','充值',915359,'4754400142141045','20','0','9289.1','9269.1',45),(4231,'2019-11-11 10:13:47','支出','开卡',915360,'4754400140151319','2.0','0','9269.1','9267.1',45),(4232,'2019-11-11 10:13:47','支出','充值',915360,'4754400140151319','20','0','9267.1','9247.1',45),(4233,'2019-11-11 10:13:57','支出','开卡',915361,'4754400117736761','2.0','0','9247.1','9245.1',45),(4234,'2019-11-11 10:13:57','支出','充值',915361,'4754400117736761','20','0','9245.1','9225.1',45),(4235,'2019-11-11 11:34:27','收入','退款',913473,'4754400140101777','3.0','0','80.0','83.0',159);
/*!40000 ALTER TABLE `account_trans` ENABLE KEYS */;
UNLOCK TABLES;

--
-- Table structure for table `admin`
--

DROP TABLE IF EXISTS `admin`;
/*!40101 SET @saved_cs_client     = @@character_set_client */;
/*!40101 SET character_set_client = utf8 */;
CREATE TABLE `admin` (
  `id` int(11) NOT NULL AUTO_INCREMENT,
  `account` varchar(255) DEFAULT NULL,
  `password` varchar(255) DEFAULT NULL,
  `name` varchar(255) DEFAULT NULL,
  `balance` float DEFAULT NULL,
  `note` varchar(255) DEFAULT NULL,
  PRIMARY KEY (`id`)
) ENGINE=InnoDB AUTO_INCREMENT=2 DEFAULT CHARSET=utf8;
/*!40101 SET character_set_client = @saved_cs_client */;

--
-- Dumping data for table `admin`
--

LOCK TABLES `admin` WRITE;
/*!40000 ALTER TABLE `admin` DISABLE KEYS */;
INSERT INTO `admin` VALUES (1,'gute','gute123','Juno',0,NULL);
/*!40000 ALTER TABLE `admin` ENABLE KEYS */;
UNLOCK TABLES;

--
-- Table structure for table `bento_system_users`
--

DROP TABLE IF EXISTS `bento_system_users`;
/*!40101 SET @saved_cs_client     = @@character_set_client */;
/*!40101 SET character_set_client = utf8 */;
CREATE TABLE `bento_system_users` (
  `id` int(11) NOT NULL AUTO_INCREMENT,
  `alias` varchar(30) DEFAULT NULL,
  `_password` varchar(128) DEFAULT NULL,
  `available_amount` varchar(10) DEFAULT NULL,
  `used_amount` varchar(10) DEFAULT NULL,
  `allocated_amount` varchar(10) DEFAULT NULL,
  `comment` varchar(128) DEFAULT NULL,
  PRIMARY KEY (`id`),
  UNIQUE KEY `alias` (`alias`),
  UNIQUE KEY `_password` (`_password`),
  UNIQUE KEY `available_amount` (`available_amount`),
  UNIQUE KEY `used_amount` (`used_amount`),
  UNIQUE KEY `allocated_amount` (`allocated_amount`),
  UNIQUE KEY `comment` (`comment`)
) ENGINE=InnoDB DEFAULT CHARSET=latin1;
/*!40101 SET character_set_client = @saved_cs_client */;

--
-- Dumping data for table `bento_system_users`
--

LOCK TABLES `bento_system_users` WRITE;
/*!40000 ALTER TABLE `bento_system_users` DISABLE KEYS */;
/*!40000 ALTER TABLE `bento_system_users` ENABLE KEYS */;
UNLOCK TABLES;

--
-- Table structure for table `card_info`
--

DROP TABLE IF EXISTS `card_info`;
/*!40101 SET @saved_cs_client     = @@character_set_client */;
/*!40101 SET character_set_client = utf8 */;
CREATE TABLE `card_info` (
  `id` int(11) NOT NULL AUTO_INCREMENT,
  `activation` varchar(255) DEFAULT NULL,
  `card_no` varchar(255) DEFAULT NULL,
  `pay_passwd` varchar(255) DEFAULT NULL,
  `act_time` datetime DEFAULT NULL,
  `card_name` varchar(255) DEFAULT '',
  `label` varchar(255) DEFAULT NULL,
  `expire` varchar(255) DEFAULT NULL,
  `cvv` varchar(255) DEFAULT NULL,
  `account_id` int(11) DEFAULT NULL,
  PRIMARY KEY (`id`),
  KEY `account_id` (`account_id`) USING BTREE,
  CONSTRAINT `card_info_ibfk_1` FOREIGN KEY (`account_id`) REFERENCES `account` (`id`) ON DELETE NO ACTION ON UPDATE NO ACTION
) ENGINE=InnoDB AUTO_INCREMENT=9857 DEFAULT CHARSET=utf8;
/*!40101 SET character_set_client = @saved_cs_client */;

--
-- Dumping data for table `card_info`
--

LOCK TABLES `card_info` WRITE;
/*!40000 ALTER TABLE `card_info` DISABLE KEYS */;
INSERT INTO `card_info` VALUES (9856,NULL,NULL,NULL,'2019-11-02 12:26:43','',NULL,NULL,NULL,45);
/*!40000 ALTER TABLE `card_info` ENABLE KEYS */;
UNLOCK TABLES;

--
-- Table structure for table `middle`
--

DROP TABLE IF EXISTS `middle`;
/*!40101 SET @saved_cs_client     = @@character_set_client */;
/*!40101 SET character_set_client = utf8 */;
CREATE TABLE `middle` (
  `id` int(11) NOT NULL AUTO_INCREMENT,
  `account` varchar(255) CHARACTER SET utf8 DEFAULT NULL,
  `password` varchar(255) CHARACTER SET utf8 DEFAULT NULL,
  `name` varchar(255) CHARACTER SET utf8 DEFAULT NULL,
  `phone_num` varchar(255) CHARACTER SET utf8 DEFAULT NULL,
  `card_price` float DEFAULT NULL,
  `note` varchar(255) CHARACTER SET utf8 DEFAULT NULL,
  PRIMARY KEY (`id`)
) ENGINE=InnoDB AUTO_INCREMENT=14 DEFAULT CHARSET=latin1;
/*!40101 SET character_set_client = @saved_cs_client */;

--
-- Dumping data for table `middle`
--

LOCK TABLES `middle` WRITE;
/*!40000 ALTER TABLE `middle` DISABLE KEYS */;
/*!40000 ALTER TABLE `middle` ENABLE KEYS */;
UNLOCK TABLES;

--
-- Table structure for table `middle_money`
--

DROP TABLE IF EXISTS `middle_money`;
/*!40101 SET @saved_cs_client     = @@character_set_client */;
/*!40101 SET character_set_client = utf8 */;
CREATE TABLE `middle_money` (
  `id` int(11) NOT NULL AUTO_INCREMENT,
  `middle_id` int(11) DEFAULT NULL,
  `start_time` datetime DEFAULT NULL,
  `end_time` datetime DEFAULT NULL,
  `card_num` int(11) DEFAULT NULL,
  `create_price` float(11,2) DEFAULT NULL,
  `sum_money` float(11,2) DEFAULT NULL,
  `create_time` datetime DEFAULT NULL,
  `pay_status` varchar(255) DEFAULT NULL,
  `pay_time` datetime DEFAULT NULL,
  `detail` varchar(255) DEFAULT NULL,
  `note` varchar(255) DEFAULT NULL,
  PRIMARY KEY (`id`),
  KEY `middle_id` (`middle_id`) USING BTREE,
  CONSTRAINT `middle_money_ibfk_1` FOREIGN KEY (`middle_id`) REFERENCES `middle` (`id`) ON DELETE NO ACTION ON UPDATE NO ACTION
) ENGINE=InnoDB AUTO_INCREMENT=6 DEFAULT CHARSET=utf8;
/*!40101 SET character_set_client = @saved_cs_client */;

--
-- Dumping data for table `middle_money`
--

LOCK TABLES `middle_money` WRITE;
/*!40000 ALTER TABLE `middle_money` DISABLE KEYS */;
/*!40000 ALTER TABLE `middle_money` ENABLE KEYS */;
UNLOCK TABLES;

--
-- Table structure for table `name_info`
--

DROP TABLE IF EXISTS `name_info`;
/*!40101 SET @saved_cs_client     = @@character_set_client */;
/*!40101 SET character_set_client = utf8 */;
CREATE TABLE `name_info` (
  `id` int(11) NOT NULL AUTO_INCREMENT,
  `last_name` varchar(255) DEFAULT NULL,
  `female` varchar(255) DEFAULT NULL,
  `man` varchar(255) DEFAULT NULL,
  PRIMARY KEY (`id`)
) ENGINE=InnoDB AUTO_INCREMENT=1219 DEFAULT CHARSET=utf8;
/*!40101 SET character_set_client = @saved_cs_client */;

--
-- Dumping data for table `name_info`
--

LOCK TABLES `name_info` WRITE;
/*!40000 ALTER TABLE `name_info` DISABLE KEYS */;
INSERT INTO `name_info` VALUES (1,'Johnson','Patricia','John'),(2,'Williams','Linda','Robert'),(3,'Jones','Barbara','Michael'),(4,'Brown','Elizabeth','William'),(5,'Davis','Jennifer','David'),(6,'Miller','Maria','Richard'),(7,'Wilson','Susan','Charles'),(8,'Moore','Margaret','Joseph'),(9,'Taylor','Dorothy','Thomas'),(10,'Anderson','Lisa','Christopher'),(11,'Thomas','Nancy','Daniel'),(12,'Jackson','Karen','Paul'),(13,'White','Betty','Mark'),(14,'Harris','Helen','Donald'),(15,'Martin','Sandra','George'),(16,'Thompson','Donna','Kenneth'),(17,'Garcia','Carol','Steven'),(18,'Martinez','Ruth','Edward'),(19,'Robinson','Sharon','Brian'),(20,'Clark','Michelle','Ronald'),(21,'Rodriguez','Laura','Anthony'),(22,'Lewis','Sarah','Kevin'),(23,'Lee','Kimberly','Jason'),(24,'Walker','Deborah','Matthew'),(25,'Hall','Jessica','Gary'),(26,'Allen','Shirley','Timothy'),(27,'Young','Cynthia','Jose'),(28,'Hernandez','Angela','Larry'),(29,'King','Melissa','Jeffrey'),(30,'Wright','Brenda','Frank'),(31,'Lopez','Amy','Scott'),(32,'Hill','Anna','Eric'),(33,'Scott','Rebecca','Stephen'),(34,'Green','Virginia','Andrew'),(35,'Adams','Kathleen','Raymond'),(36,'Baker','Pamela','Gregory'),(37,'Gonzalez','Martha','Joshua'),(38,'Nelson','Debra','Jerry'),(39,'Carter','Amanda','Dennis'),(40,'Mitchell','Stephanie','Walter'),(41,'Perez','Carolyn','Patrick'),(42,'Roberts','Christine','Peter'),(43,'Turner','Marie','Harold'),(44,'Phillips','Janet','Douglas'),(45,'Campbell','Catherine','Henry'),(46,'Parker','Frances','Carl'),(47,'Evans','Ann','Arthur'),(48,'Edwards','Joyce','Ryan'),(49,'Collins','Diane','Roger'),(50,'Stewart','Alice','Joe'),(51,'Sanchez','Julie','Juan'),(52,'Morris','Heather','Jack'),(53,'Rogers','Teresa','Albert'),(54,'Reed','Doris','Jonathan'),(55,'Cook','Gloria','Justin'),(56,'Morgan','Evelyn','Terry'),(57,'Bell','Jean','Gerald'),(58,'Murphy','Cheryl','Keith'),(59,'Bailey','Mildred','Samuel'),(60,'Rivera','Katherine','Willie'),(61,'Cooper','Joan','Ralph'),(62,'Richardson','Ashley','Lawrence'),(63,'Cox','Judith','Nicholas'),(64,'Howard','Rose','Roy'),(65,'Ward','Janice','Benjamin'),(66,'Torres','Kelly','Bruce'),(67,'Peterson','Nicole','Brandon'),(68,'Gray','Judy','Adam'),(69,'Ramirez','Christina','Harry'),(70,'James','Kathy','Fred'),(71,'Watson','Theresa','Wayne'),(72,'Brooks','Beverly','Billy'),(73,'Kelly','Denise','Steve'),(74,'Sanders','Tammy','Louis'),(75,'Price','Irene','Jeremy'),(76,'Bennett','Jane','Aaron'),(77,'Wood','Lori','Randy'),(78,'Barnes','Rachel','Howard'),(79,'Ross','Marilyn','Eugene'),(80,'Henderson','Andrea','Carlos'),(81,'Coleman','Kathryn','Russell'),(82,'Jenkins','Louise','Bobby'),(83,'Perry','Sara','Victor'),(84,'Powell','Anne','Martin'),(85,'Long','Jacqueline','Ernest'),(86,'Patterson','Wanda','Phillip'),(87,'Hughes','Bonnie','Todd'),(88,'Flores','Julia','Jesse'),(89,'Washington','Ruby','Craig'),(90,'Butler','Lois','Alan'),(91,'Simmons','Tina','Shawn'),(92,'Foster','Phyllis','Clarence'),(93,'Gonzales','Norma','Sean'),(94,'Bryant','Paula','Philip'),(95,'Alexander','Diana','Chris'),(96,'Russell','Annie','Johnny'),(97,'Griffin','Lillian','Earl'),(98,'Diaz','Emily','Jimmy'),(99,'Hayes','Robin','Antonio'),(100,'Myers','Peggy','Danny'),(101,'Ford','Crystal','Bryan'),(102,'Hamilton','Gladys','Tony'),(103,'Graham','Rita','Luis'),(104,'Sullivan','Dawn','Mike'),(105,'Wallace','Connie','Stanley'),(106,'Woods','Florence','Leonard'),(107,'Cole','Tracy','Nathan'),(108,'West','Edna','Dale'),(109,'Jordan','Tiffany','Manuel'),(110,'Owens','Carmen','Rodney'),(111,'Reynolds','Rosa','Curtis'),(112,'Fisher','Cindy','Norman'),(113,'Ellis','Grace','Allen'),(114,'Harrison','Wendy','Marvin'),(115,'Gibson','Victoria','Vincent'),(116,'Mcdonald','Edith','Glenn'),(117,'Cruz','Kim','Jeffery'),(118,'Marshall','Sherry','Travis'),(119,'Ortiz','Sylvia','Jeff'),(120,'Gomez','Josephine','Chad'),(121,'Murray','Thelma','Jacob'),(122,'Freeman','Shannon','Lee'),(123,'Wells','Sheila','Melvin'),(124,'Webb','Ethel','Alfred'),(125,'Simpson','Ellen','Kyle'),(126,'Stevens','Elaine','Francis'),(127,'Tucker','Marjorie','Bradley'),(128,'Porter','Carrie','Jesus'),(129,'Hunter','Charlotte','Herbert'),(130,'Hicks','Monica','Frederick'),(131,'Crawford','Esther','Ray'),(132,'Henry','Pauline','Joel'),(133,'Boyd','Emma','Edwin'),(134,'Mason','Juanita','Don'),(135,'Morales','Anita','Eddie'),(136,'Kennedy','Rhonda','Ricky'),(137,'Warren','Hazel','Troy'),(138,'Dixon','Amber','Randall'),(139,'Ramos','Eva','Barry'),(140,'Reyes','Debbie','Alexander'),(141,'Burns','April','Bernard'),(142,'Gordon','Leslie','Mario'),(143,'Shaw','Clara','Leroy'),(144,'Holmes','Lucille','Francisco'),(145,'Rice','Jamie','Marcus'),(146,'Robertson','Joanne','Micheal'),(147,'Hunt','Eleanor','Theodore'),(148,'Black','Valerie','Clifford'),(149,'Daniels','Danielle','Miguel'),(150,'Palmer','Megan','Oscar'),(151,'Mills','Alicia','Jay'),(152,'Nichols','Suzanne','Jim'),(153,'Grant','Michele','Tom'),(154,'Knight','Gail','Calvin'),(155,'Ferguson','Bertha','Alex'),(156,'Rose','Darlene','Jon'),(157,'Stone','Veronica','Ronnie'),(158,'Hawkins','Jill','Bill'),(159,'Dunn','Erin','Lloyd'),(160,'Perkins','Geraldine','Tommy'),(161,'Hudson','Lauren','Leon'),(162,'Spencer','Cathy','Derek'),(163,'Gardner','Joann','Warren'),(164,'Stephens','Lorraine','Darrell'),(165,'Payne','Lynn','Jerome'),(166,'Pierce','Sally','Floyd'),(167,'Berry','Regina','Leo'),(168,'Matthews','Erica','Alvin'),(169,'Arnold','Beatrice','Tim'),(170,'Wagner','Dolores','Wesley'),(171,'Willis','Bernice','Gordon'),(172,'Ray','Audrey','Dean'),(173,'Watkins','Yvonne','Greg'),(174,'Olson','Annette','Jorge'),(175,'Carroll','June','Dustin'),(176,'Duncan','Samantha','Pedro'),(177,'Snyder','Marion','Derrick'),(178,'Hart','Dana','Dan'),(179,'Cunningham','Stacy','Lewis'),(180,'Bradley','Ana','Zachary'),(181,'Lane','Renee','Corey'),(182,'Andrews','Ida','Herman'),(183,'Ruiz','Vivian','Maurice'),(184,'Harper','Roberta','Vernon'),(185,'Fox','Holly','Roberto'),(186,'Riley','Brittany','Clyde'),(187,'Armstrong','Melanie','Glen'),(188,'Carpenter','Loretta','Hector'),(189,'Weaver','Yolanda','Shane'),(190,'Greene','Jeanette','Ricardo'),(191,'Lawrence','Laurie','Sam'),(192,'Elliott','Katie','Rick'),(193,'Chavez','Kristen','Lester'),(194,'Sims','Vanessa','Brent'),(195,'Austin','Alma','Ramon'),(196,'Peters','Sue','Charlie'),(197,'Kelley','Elsie','Tyler'),(198,'Franklin','Beth','Gilbert'),(199,'Lawson','Jeanne','Gene'),(200,'Fields','Vicki','Marc'),(201,'Gutierrez','Carla','Reginald'),(202,'Ryan','Tara','Ruben'),(203,'Schmidt','Rosemary','Brett'),(204,'Carr','Eileen','Angel'),(205,'Vasquez','Terri','Nathaniel'),(206,'Castillo','Gertrude','Rafael'),(207,'Wheeler','Lucy','Leslie'),(208,'Chapman','Tonya','Edgar'),(209,'Oliver','Ella','Milton'),(210,'Montgomery','Stacey','Raul'),(211,'Richards','Wilma','Ben'),(212,'Williamson','Gina','Chester'),(213,'Johnston','Kristin','Cecil'),(214,'Banks','Jessie','Duane'),(215,'Meyer','Natalie','Franklin'),(216,'Bishop','Agnes','Andre'),(217,'Mccoy','Vera','Elmer'),(218,'Howell','Willie','Brad'),(219,'Alvarez','Charlene','Gabriel'),(220,'Morrison','Bessie','Ron'),(221,'Hansen','Delores','Mitchell'),(222,'Fernandez','Melinda','Roland'),(223,'Garza','Pearl','Arnold'),(224,'Harvey','Arlene','Harvey'),(225,'Little','Maureen','Jared'),(226,'Burton','Colleen','Adrian'),(227,'Stanley','Allison','Karl'),(228,'Nguyen','Tamara','Cory'),(229,'George','Joy','Claude'),(230,'Jacobs','Georgia','Erik'),(231,'Reid','Constance','Darryl'),(232,'Kim','Lillie','Jamie'),(233,'Fuller','Claudia','Neil'),(234,'Lynch','Jackie','Jessie'),(235,'Dean','Marcia','Christian'),(236,'Gilbert','Tanya','Javier'),(237,'Garrett','Nellie','Fernando'),(238,'Romero','Minnie','Clinton'),(239,'Welch','Marlene','Ted'),(240,'Larson','Heidi','Mathew'),(241,'Frazier','Glenda','Tyrone'),(242,'Burke','Lydia','Darren'),(243,'Hanson','Viola','Lonnie'),(244,'Day','Courtney','Lance'),(245,'Mendoza','Marian','Cody'),(246,'Moreno','Stella','Julio'),(247,'Bowman','Caroline','Kelly'),(248,'Medina','Dora','Kurt'),(249,'Fowler','Jo','Allan'),(250,'Brewer','Vickie','Nelson'),(251,'Hoffman','Mattie','Guy'),(252,'Carlson','Terry','Clayton'),(253,'Silva','Maxine','Hugh'),(254,'Pearson','Irma','Max'),(255,'Holland','Mabel','Dwayne'),(256,'Douglas','Marsha','Dwight'),(257,'Fleming','Myrtle','Armando'),(258,'Jensen','Lena','Felix'),(259,'Vargas','Christy','Jimmie'),(260,'Byrd','Deanna','Everett'),(261,'Davidson','Patsy','Jordan'),(262,'Hopkins','Hilda','Ian'),(263,'May','Gwendolyn','Wallace'),(264,'Terry','Jennie','Ken'),(265,'Herrera','Nora','Bob'),(266,'Wade','Margie','Jaime'),(267,'Soto','Nina','Casey'),(268,'Walters','Cassandra','Alfredo'),(269,'Curtis','Leah','Alberto'),(270,'Neal','Penny','Dave'),(271,'Caldwell','Kay','Ivan'),(272,'Lowe','Priscilla','Johnnie'),(273,'Jennings','Naomi','Sidney'),(274,'Barnett','Carole','Byron'),(275,'Graves','Brandy','Julian'),(276,'Jimenez','Olga','Isaac'),(277,'Horton','Billie','Morris'),(278,'Shelton','Dianne','Clifton'),(279,'Barrett','Tracey','Willard'),(280,'Obrien','Leona','Daryl'),(281,'Castro','Jenny','Ross'),(282,'Sutton','Felicia','Virgil'),(283,'Gregory','Sonia','Andy'),(284,'Mckinney','Miriam','Marshall'),(285,'Lucas','Velma','Salvador'),(286,'Miles','Becky','Perry'),(287,'Craig','Bobbie','Kirk'),(288,'Rodriquez','Violet','Sergio'),(289,'Chambers','Kristina','Marion'),(290,'Holt','Toni','Tracy'),(291,'Lambert','Misty','Seth'),(292,'Fletcher','Mae','Kent'),(293,'Watts','Shelly','Terrance'),(294,'Bates','Daisy','Rene'),(295,'Hale','Ramona','Eduardo'),(296,'Rhodes','Sherri','Terrence'),(297,'Pena','Erika','Enrique'),(298,'Beck','Katrina','Freddie'),(299,'Newman','Claire','Wade'),(300,'Haynes','Lindsey','Austin'),(301,'Mcdaniel','Lindsay','Stuart'),(302,'Mendez','Geneva','Fredrick'),(303,'Bush','Guadalupe','Arturo'),(304,'Vaughn','Belinda','Alejandro'),(305,'Parks','Margarita','Jackie'),(306,'Dawson','Sheryl','Joey'),(307,'Santiago','Cora','Nick'),(308,'Norris','Faye','Luther'),(309,'Hardy','Ada','Wendell'),(310,'Love','Natasha','Jeremiah'),(311,'Steele','Sabrina','Evan'),(312,'Curry','Isabel','Julius'),(313,'Powers','Marguerite','Dana'),(314,'Schultz','Hattie','Donnie'),(315,'Barker','Harriet','Otis'),(316,'Guzman','Molly','Shannon'),(317,'Page','Cecilia','Trevor'),(318,'Munoz','Kristi','Oliver'),(319,'Ball','Brandi','Luke'),(320,'Keller','Blanche','Homer'),(321,'Chandler','Sandy','Gerard'),(322,'Weber','Rosie','Doug'),(323,'Leonard','Joanna','Kenny'),(324,'Walsh','Iris','Hubert'),(325,'Lyons','Eunice','Angelo'),(326,'Ramsey','Angie','Shaun'),(327,'Wolfe','Inez','Lyle'),(328,'Schneider','Lynda','Matt'),(329,'Mullins','Madeline','Lynn'),(330,'Benson','Amelia','Alfonso'),(331,'Sharp','Alberta','Orlando'),(332,'Bowen','Genevieve','Rex'),(333,'Daniel','Monique','Carlton'),(334,'Barber','Jodi','Ernesto'),(335,'Cummings','Janie','Cameron'),(336,'Hines','Maggie','Neal'),(337,'Baldwin','Kayla','Pablo'),(338,'Griffith','Sonya','Lorenzo'),(339,'Valdez','Jan','Omar'),(340,'Hubbard','Lee','Wilbur'),(341,'Salazar','Kristine','Blake'),(342,'Reeves','Candace','Grant'),(343,'Warner','Fannie','Horace'),(344,'Stevenson','Maryann','Roderick'),(345,'Burgess','Opal','Kerry'),(346,'Santos','Alison','Abraham'),(347,'Tate','Yvette','Willis'),(348,'Cross','Melody','Rickey'),(349,'Garner','Luz','Jean'),(350,'Mann','Susie','Ira'),(351,'Mack','Olivia','Andres'),(352,'Moss','Flora','Cesar'),(353,'Thornton','Shelley','Johnathan'),(354,'Dennis','Kristy','Malcolm'),(355,'Mcgee','Mamie','Rudolph'),(356,'Farmer','Lula','Damon'),(357,'Delgado','Lola','Kelvin'),(358,'Aguilar','Verna','Rudy'),(359,'Vega','Beulah','Preston'),(360,'Glover','Antoinette','Alton'),(361,'Manning','Candice','Archie'),(362,'Cohen','Juana','Marco'),(363,'Harmon','Jeannette','Wm'),(364,'Rodgers','Pam','Pete'),(365,'Robbins','Kelli','Randolph'),(366,'Newton','Hannah','Garry'),(367,'Todd','Whitney','Geoffrey'),(368,'Blair','Bridget','Jonathon'),(369,'Higgins','Karla','Felipe'),(370,'Ingram','Celia','Bennie'),(371,'Reese','Latoya','Gerardo'),(372,'Cannon','Patty','Ed'),(373,'Strickland','Shelia','Dominic'),(374,'Townsend','Gayle','Robin'),(375,'Potter','Della','Loren'),(376,'Goodwin','Vicky','Delbert'),(377,'Walton','Lynne','Colin'),(378,'Rowe','Sheri','Guillermo'),(379,'Hampton','Marianne','Earnest'),(380,'Ortega','Kara','Lucas'),(381,'Patton','Jacquelyn','Benny'),(382,'Swanson','Erma','Noel'),(383,'Joseph','Blanca','Spencer'),(384,'Francis','Myra','Rodolfo'),(385,'Goodman','Leticia','Myron'),(386,'Maldonado','Pat','Edmund'),(387,'Yates','Krista','Garrett'),(388,'Becker','Roxanne','Salvatore'),(389,'Erickson','Angelica','Cedric'),(390,'Hodges','Johnnie','Lowell'),(391,'Rios','Robyn','Gregg'),(392,'Conner','Francis','Sherman'),(393,'Adkins','Adrienne','Wilson'),(394,'Webster','Rosalie','Devin'),(395,'Norman','Alexandra','Sylvester'),(396,'Malone','Brooke','Kim'),(397,'Hammond','Bethany','Roosevelt'),(398,'Flowers','Sadie','Israel'),(399,'Cobb','Bernadette','Jermaine'),(400,'Moody','Traci','Forrest'),(401,'Quinn','Jody','Wilbert'),(402,'Blake','Kendra','Leland'),(403,'Maxwell','Jasmine','Simon'),(404,'Pope','Nichole','Guadalupe'),(405,'Floyd','Rachael','Clark'),(406,'Osborne','Chelsea','Irving'),(407,'Paul','Mable','Carroll'),(408,'Mccarthy','Ernestine','Bryant'),(409,'Guerrero','Muriel','Owen'),(410,'Lindsey','Marcella','Rufus'),(411,'Estrada','Elena','Woodrow'),(412,'Sandoval','Krystal','Sammy'),(413,'Gibbs','Angelina','Kristopher'),(414,'Tyler','Nadine','Mack'),(415,'Gross','Kari','Levi'),(416,'Fitzgerald','Estelle','Marcos'),(417,'Stokes','Dianna','Gustavo'),(418,'Doyle','Paulette','Jake'),(419,'Sherman','Lora','Lionel'),(420,'Saunders','Mona','Marty'),(421,'Wise','Doreen','Taylor'),(422,'Colon','Rosemarie','Ellis'),(423,'Gill','Angel','Dallas'),(424,'Alvarado','Desiree','Gilberto'),(425,'Greer','Antonia','Clint'),(426,'Padilla','Hope','Nicolas'),(427,'Simon','Ginger','Laurence'),(428,'Waters','Janis','Ismael'),(429,'Nunez','Betsy','Orville'),(430,'Ballard','Christie','Drew'),(431,'Schwartz','Freda','Jody'),(432,'Mcbride','Mercedes','Ervin'),(433,'Houston','Meredith','Dewey'),(434,'Christensen','Lynette','Al'),(435,'Klein','Teri','Wilfred'),(436,'Pratt','Cristina','Josh'),(437,'Briggs','Eula','Hugo'),(438,'Parsons','Leigh','Ignacio'),(439,'Mclaughlin','Meghan','Caleb'),(440,'Zimmerman','Sophia','Tomas'),(441,'French','Eloise','Sheldon'),(442,'Buchanan','Rochelle','Erick'),(443,'Moran','Gretchen','Frankie'),(444,'Copeland','Cecelia','Stewart'),(445,'Roy','Raquel','Doyle'),(446,'Pittman','Henrietta','Darrel'),(447,'Brady','Alyssa','Rogelio'),(448,'Mccormick','Jana','Terence'),(449,'Holloway','Kelley','Santiago'),(450,'Brock','Gwen','Alonzo'),(451,'Poole','Kerry','Elias'),(452,'Frank','Jenna','Bert'),(453,'Logan','Tricia','Elbert'),(454,'Owen','Laverne','Ramiro'),(455,'Bass','Olive','Conrad'),(456,'Marsh','Alexis','Pat'),(457,'Drake','Tasha','Noah'),(458,'Wong','Silvia','Grady'),(459,'Jefferson','Elvira','Phil'),(460,'Park','Casey','Cornelius'),(461,'Morton','Delia','Lamar'),(462,'Abbott','Sophie','Rolando'),(463,'Sparks','Kate','Clay'),(464,'Patrick','Patti','Percy'),(465,'Norton','Lorena','Dexter'),(466,'Huff','Kellie','Bradford'),(467,'Clayton','Sonja','Merle'),(468,'Massey','Lila','Darin'),(469,'Lloyd','Lana','Amos'),(470,'Figueroa','Darla','Terrell'),(471,'Carson','May','Moses'),(472,'Bowers','Mindy','Irvin'),(473,'Roberson','Essie','Saul'),(474,'Barton','Mandy','Roman'),(475,'Tran','Lorene','Darnell'),(476,'Lamb','Elsa','Randal'),(477,'Harrington','Josefina','Tommie'),(478,'Casey','Jeannie','Timmy'),(479,'Boone','Miranda','Darrin'),(480,'Cortez','Dixie','Winston'),(481,'Clarke','Lucia','Brendan'),(482,'Mathis','Marta','Toby'),(483,'Singleton','Faith','Van'),(484,'Wilkins','Lela','Abel'),(485,'Cain','Johanna','Dominick'),(486,'Bryan','Shari','Boyd'),(487,'Underwood','Camille','Courtney'),(488,'Hogan','Tami','Jan'),(489,'Mckenzie','Shawna','Emilio'),(490,'Collier','Elisa','Elijah'),(491,'Luna','Ebony','Cary'),(492,'Phelps','Melba','Domingo'),(493,'Mcguire','Ora','Santos'),(494,'Allison','Nettie','Aubrey'),(495,'Bridges','Tabitha','Emmett'),(496,'Wilkerson','Ollie','Marlon'),(497,'Nash','Jaime','Emanuel'),(498,'Summers','Winifred','Jerald'),(499,'Atkins','Kristie','Edmond'),(500,'Wilcox','Marina','Emil'),(501,'Pitts','Alisha','Dewayne'),(502,'Conley','Aimee','Will'),(503,'Marquez','Rena','Otto'),(504,'Burnett','Myrna','Teddy'),(505,'Richard','Marla','Reynaldo'),(506,'Cochran','Tammie','Bret'),(507,'Chase','Latasha','Morgan'),(508,'Davenport','Bonita','Jess'),(509,'Hood','Patrice','Trent'),(510,'Gates','Ronda','Humberto'),(511,'Clay','Sherrie','Emmanuel'),(512,'Ayala','Addie','Stephan'),(513,'Sawyer','Francine','Louie'),(514,'Roman','Deloris','Vicente'),(515,'Vazquez','Stacie','Lamont'),(516,'Dickerson','Adriana','Stacy'),(517,'Hodge','Cheri','Garland'),(518,'Acosta','Shelby','Miles'),(519,'Flynn','Abigail','Micah'),(520,'Espinoza','Celeste','Efrain'),(521,'Nicholson','Jewel','Billie'),(522,'Monroe','Cara','Logan'),(523,'Wolf','Adele','Heath'),(524,'Morrow','Rebekah','Rodger'),(525,'Kirk','Lucinda','Harley'),(526,'Randall','Dorthy','Demetrius'),(527,'Anthony','Chris','Ethan'),(528,'Whitaker','Effie','Eldon'),(529,'Oconnor','Trina','Rocky'),(530,'Skinner','Reba','Pierre'),(531,'Ware','Shawn','Junior'),(532,'Molina','Sallie','Freddy'),(533,'Kirby','Aurora','Eli'),(534,'Huffman','Lenora','Bryce'),(535,'Bradford','Etta','Antoine'),(536,'Charles','Lottie','Robbie'),(537,'Gilmore','Kerri','Kendall'),(538,'Dominguez','Trisha','Royce'),(539,'Oneal','Nikki','Sterling'),(540,'Bruce','Estella','Mickey'),(541,'Lang','Francisca','Chase'),(542,'Combs','Josie','Grover'),(543,'Kramer','Tracie','Elton'),(544,'Heath','Marissa','Cleveland'),(545,'Hancock','Karin','Dylan'),(546,'Gallagher','Brittney','Chuck'),(547,'Gaines','Janelle','Damian'),(548,'Shaffer','Lourdes','Reuben'),(549,'Short','Laurel','Stan'),(550,'Wiggins','Helene','August'),(551,'Mathews','Fern','Leonardo'),(552,'Mcclain','Elva','Jasper'),(553,'Fischer','Corinne','Russel'),(554,'Wall','Kelsey','Erwin'),(555,'Small','Ina','Benito'),(556,'Melton','Bettie','Hans'),(557,'Hensley','Elisabeth','Monte'),(558,'Bond','Aida','Blaine'),(559,'Dyer','Caitlin','Ernie'),(560,'Cameron','Ingrid','Curt'),(561,'Grimes','Iva','Quentin'),(562,'Contreras','Eugenia','Agustin'),(563,'Christian','Christa','Murray'),(564,'Wyatt','Goldie','Jamal'),(565,'Baxter','Cassie','Devon'),(566,'Snow','Maude','Adolfo'),(567,'Mosley','Jenifer','Harrison'),(568,'Shepherd','Therese','Tyson'),(569,'Larsen','Frankie','Burton'),(570,'Hoover','Dena','Brady'),(571,'Beasley','Lorna','Elliott'),(572,'Glenn','Janette','Wilfredo'),(573,'Petersen','Latonya','Bart'),(574,'Whitehead','Candy','Jarrod'),(575,'Meyers','Morgan','Vance'),(576,'Keith','Consuelo','Denis'),(577,'Garrison','Tamika','Damien'),(578,'Vincent','Rosetta','Joaquin'),(579,'Shields','Debora','Harlan'),(580,'Horn','Cherie','Desmond'),(581,'Savage','Polly','Elliot'),(582,'Olsen','Dina','Darwin'),(583,'Schroeder','Jewell','Ashley'),(584,'Hartman','Fay','Gregorio'),(585,'Woodard','Jillian','Buddy'),(586,'Mueller','Dorothea','Xavier'),(587,'Kemp','Nell','Kermit'),(588,'Deleon','Trudy','Roscoe'),(589,'Booth','Esperanza','Esteban'),(590,'Patel','Patrica','Anton'),(591,'Calhoun','Kimberley','Solomon'),(592,'Wiley','Shanna','Scotty'),(593,'Eaton','Helena','Norbert'),(594,'Cline','Carolina','Elvin'),(595,'Navarro','Cleo','Williams'),(596,'Harrell','Stefanie','Nolan'),(597,'Lester','Rosario','Carey'),(598,'Humphrey','Ola','Rod'),(599,'Parrish','Janine','Quinton'),(600,'Duran','Mollie','Hal'),(601,'Hutchinson','Lupe','Brain'),(602,'Hess','Alisa','Rob'),(603,'Dorsey','Lou','Elwood'),(604,'Bullock','Maribel','Kendrick'),(605,'Robles','Susanne','Darius'),(606,'Beard','Bette','Moises'),(607,'Dalton','Susana','Son'),(608,'Avila','Elise','Marlin'),(609,'Vance','Cecile','Fidel'),(610,'Rich','Isabelle','Thaddeus'),(611,'Blackwell','Lesley','Cliff'),(612,'York','Jocelyn','Marcel'),(613,'Johns','Paige','Ali'),(614,'Blankenship','Joni','Jackson'),(615,'Trevino','Rachelle','Raphael'),(616,'Salinas','Leola','Bryon'),(617,'Campos','Daphne','Armand'),(618,'Pruitt','Alta','Alvaro'),(619,'Moses','Ester','Jeffry'),(620,'Callahan','Petra','Dane'),(621,'Golden','Graciela','Joesph'),(622,'Montoya','Imogene','Thurman'),(623,'Hardin','Jolene','Ned'),(624,'Guerra','Keisha','Sammie'),(625,'Mcdowell','Lacey','Rusty'),(626,'Carey','Glenna','Michel'),(627,'Stafford','Gabriela','Monty'),(628,'Gallegos','Keri','Rory'),(629,'Henson','Ursula','Fabian'),(630,'Wilkinson','Lizzie','Reggie'),(631,'Booker','Kirsten','Mason'),(632,'Merritt','Shana','Graham'),(633,'Miranda','Adeline','Kris'),(634,'Atkinson','Mayra','Isaiah'),(635,'Orr','Jayne','Vaughn'),(636,'Decker','Jaclyn','Gus'),(637,'Hobbs','Gracie','Avery'),(638,'Preston','Sondra','Loyd'),(639,'Tanner','Carmela','Diego'),(640,'Knox','Marisa','Alexis'),(641,'Pacheco','Rosalind','Adolph'),(642,'Stephenson','Charity','Norris'),(643,'Glass','Tonia','Millard'),(644,'Rojas','Beatriz','Rocco'),(645,'Serrano','Marisol','Gonzalo'),(646,'Marks','Clarice','Derick'),(647,'Hickman','Jeanine','Rodrigo'),(648,'English','Sheena','Gerry'),(649,'Sweeney','Angeline','Stacey'),(650,'Strong','Frieda','Carmen'),(651,'Prince','Lily','Wiley'),(652,'Mcclure','Robbie','Rigoberto'),(653,'Conway','Shauna','Alphonso'),(654,'Walter','Millie','Ty'),(655,'Roth','Claudette','Shelby'),(656,'Maynard','Cathleen','Rickie'),(657,'Farrell','Angelia','Noe'),(658,'Lowery','Gabrielle','Vern'),(659,'Hurst','Autumn','Bobbie'),(660,'Nixon','Katharine','Reed'),(661,'Weiss','Summer','Jefferson'),(662,'Trujillo','Jodie','Elvis'),(663,'Ellison','Staci','Bernardo'),(664,'Sloan','Lea','Mauricio'),(665,'Juarez','Christi','Hiram'),(666,'Winters','Jimmie','Donovan'),(667,'Mclean','Justine','Basil'),(668,'Randolph','Elma','Riley'),(669,'Leon','Luella','Ollie'),(670,'Boyer','Margret','Nickolas'),(671,'Villarreal','Dominique','Maynard'),(672,'Mccall','Socorro','Scot'),(673,'Gentry','Rene','Vince'),(674,'Carrillo','Martina','Quincy'),(675,'Kent','Margo','Eddy'),(676,'Ayers','Mavis','Sebastian'),(677,'Lara','Callie','Federico'),(678,'Shannon','Bobbi','Ulysses'),(679,'Sexton','Maritza','Heriberto'),(680,'Pace','Lucile','Donnell'),(681,'Hull','Leanne','Cole'),(682,'Leblanc','Jeannine','Denny'),(683,'Browning','Deana','Davis'),(684,'Velasquez','Aileen','Gavin'),(685,'Leach','Lorie','Emery'),(686,'Chang','Ladonna','Ward'),(687,'House','Willa','Romeo'),(688,'Sellers','Manuela','Jayson'),(689,'Herring','Gale','Dion'),(690,'Noble','Selma','Dante'),(691,'Foley','Dolly','Clement'),(692,'Bartlett','Sybil','Coy'),(693,'Mercado','Abby','Odell'),(694,'Landry','Lara','Maxwell'),(695,'Durham','Dale','Jarvis'),(696,'Walls','Ivy','Bruno'),(697,'Barr','Dee','Issac'),(698,'Mckee','Winnie','Mary'),(699,'Bauer','Marcy','Dudley'),(700,'Rivers','Luisa','Brock'),(701,'Everett','Jeri','Sanford'),(702,'Bradshaw','Magdalena','Colby'),(703,'Pugh','Ofelia','Carmelo'),(704,'Velez','Meagan','Barney'),(705,'Rush','Audra','Nestor'),(706,'Estes','Matilda','Hollis'),(707,'Dodson','Leila','Stefan'),(708,'Morse','Cornelia','Donny'),(709,'Sheppard','Bianca','Art'),(710,'Weeks','Simone','Linwood'),(711,'Camacho','Bettye','Beau'),(712,'Bean','Randi','Weldon'),(713,'Barron','Virgie','Galen'),(714,'Livingston','Latisha','Isidro'),(715,'Middleton','Barbra','Truman'),(716,'Spears','Georgina','Delmar'),(717,'Branch','Eliza','Johnathon'),(718,'Blevins','Leann','Silas'),(719,'Chen','Bridgette','Frederic'),(720,'Kerr','Rhoda','Dick'),(721,'Mcconnell','Haley','Kirby'),(722,'Hatfield','Adela','Irwin'),(723,'Harding','Nola','Cruz'),(724,'Ashley','Bernadine','Merlin'),(725,'Solis','Flossie','Merrill'),(726,'Herman','Ila','Charley'),(727,'Frost','Greta','Marcelino'),(728,'Giles','Ruthie','Lane'),(729,'Blackburn','Nelda','Harris'),(730,'William','Minerva','Cleo'),(731,'Pennington','Lilly','Carlo'),(732,'Woodward','Terrie','Trenton'),(733,'Finley','Letha','Kurtis'),(734,'Mcintosh','Hilary','Hunter'),(735,'Koch','Estela','Aurelio'),(736,'Best','Valarie','Winfred'),(737,'Solomon','Brianna','Vito'),(738,'Mccullough','Rosalyn','Collin'),(739,'Dudley','Earline','Denver'),(740,'Nolan','Catalina','Carter'),(741,'Blanchard','Ava','Leonel'),(742,'Rivas','Mia','Emory'),(743,'Brennan','Clarissa','Pasquale'),(744,'Mejia','Lidia','Mohammad'),(745,'Kane','Corrine','Mariano'),(746,'Benton','Alexandria','Danial'),(747,'Joyce','Concepcion','Blair'),(748,'Buckley','Tia','Landon'),(749,'Haley','Sharron','Dirk'),(750,'Valentine','Rae','Branden'),(751,'Maddox','Dona','Adan'),(752,'Russo','Ericka','Numbers'),(753,'Mcknight','Jami','Clair'),(754,'Buck','Elnora','Buford'),(755,'Moon','Chandra','German'),(756,'Mcmillan','Lenore','Bernie'),(757,'Crosby','Neva','Wilmer'),(758,'Berg','Marylou','Joan'),(759,'Dotson','Melisa','Emerson'),(760,'Mays','Tabatha','Zachery'),(761,'Roach','Serena','Fletcher'),(762,'Church','Avis','Jacques'),(763,'Chan','Allie','Errol'),(764,'Richmond','Sofia','Dalton'),(765,'Meadows','Jeanie','Monroe'),(766,'Faulkner','Odessa','Josue'),(767,'Oneill','Nannie','Dominique'),(768,'Knapp','Harriett','Edwardo'),(769,'Kline','Loraine','Booker'),(770,'Barry','Penelope','Wilford'),(771,'Ochoa','Milagros','Sonny'),(772,'Jacobson','Emilia','Shelton'),(773,'Gay','Benita','Carson'),(774,'Avery','Allyson','Theron'),(775,'Hendricks','Ashlee','Raymundo'),(776,'Horne','Tania','Daren'),(777,'Shepard','Tommie','Tristan'),(778,'Hebert','Esmeralda','Houston'),(779,'Cherry','Karina','Robby'),(780,'Cardenas','Eve','Lincoln'),(781,'Mcintyre','Pearlie','Jame'),(782,'Whitney','Zelma','Genaro'),(783,'Waller','Malinda','Gale'),(784,'Holman','Noreen','Bennett'),(785,'Donaldson','Tameka','Octavio'),(786,'Cantu','Saundra','Cornell'),(787,'Terrell','Hillary','Laverne'),(788,'Morin','Amie','Hung'),(789,'Gillespie','Althea','Arron'),(790,'Fuentes','Rosalinda','Antony'),(791,'Tillman','Jordan','Herschel'),(792,'Sanford','Lilia','Alva'),(793,'Bentley','Alana','Giovanni'),(794,'Peck','Gay','Garth'),(795,'Key','Clare','Cyrus'),(796,'Salas','Alejandra','Cyril'),(797,'Rollins','Elinor','Ronny'),(798,'Gamble','Michael','Stevie'),(799,'Dickson','Lorrie','Lon'),(800,'Battle','Jerri','Freeman'),(801,'Santana','Darcy','Erin'),(802,'Cabrera','Earnestine','Duncan'),(803,'Cervantes','Carmella','Kennith'),(804,'Howe','Taylor','Carmine'),(805,'Hinton','Noemi','Augustine'),(806,'Hurley','Marcie','Young'),(807,'Spence','Liza','Erich'),(808,'Zamora','Annabelle','Chadwick'),(809,'Yang','Louisa','Wilburn'),(810,'Mcneil','Earlene','Russ'),(811,'Suarez','Mallory','Reid'),(812,'Case','Carlene','Myles'),(813,'Petty','Nita','Anderson'),(814,'Gould','Selena','Morton'),(815,'Mcfarland','Tanisha','Jonas'),(816,'Sampson','Katy','Forest'),(817,'Carver','Julianne','Mitchel'),(818,'Bray','John','Mervin'),(819,'Rosario','Lakisha','Zane'),(820,'Macdonald','Edwina','Rich'),(821,'Stout','Maricela','Jamel'),(822,'Hester','Margery','Lazaro'),(823,'Melendez','Kenya','Alphonse'),(824,'Dillon','Dollie','Randell'),(825,'Farley','Roxie','Major'),(826,'Hopper','Roslyn','Johnie'),(827,'Galloway','Kathrine','Jarrett'),(828,'Potts','Nanette','Brooks'),(829,'Bernard','Charmaine','Ariel'),(830,'Joyner','Lavonne','Abdul'),(831,'Stein','Ilene','Dusty'),(832,'Aguirre','Kris','Luciano'),(833,'Osborn','Tammi','Lindsey'),(834,'Mercer','Suzette','Tracey'),(835,'Bender','Corine','Seymour'),(836,'Franco','Kaye','Scottie'),(837,'Rowland','Jerry','Eugenio'),(838,'Sykes','Merle','Mohammed'),(839,'Benjamin','Chrystal','Sandy'),(840,'Travis','Lina','Valentin'),(841,'Pickett','Deanne','Chance'),(842,'Crane','Lilian','Arnulfo'),(843,'Sears','Juliana','Lucien'),(844,'Mayo','Aline','Ferdinand'),(845,'Dunlap','Luann','Thad'),(846,'Hayden','Kasey','Ezra'),(847,'Wilder','Maryanne','Sydney'),(848,'Mckay','Evangeline','Aldo'),(849,'Coffey','Colette','Rubin'),(850,'Mccarty','Melva','Royal'),(851,'Ewing','Lawanda','Mitch'),(852,'Cooley','Yesenia','Earle'),(853,'Vaughan','Nadia','Abe'),(854,'Bonner','Madge','Wyatt'),(855,'Cotton','Kathie','Marquis'),(856,'Holder','Eddie','Lanny'),(857,'Stark','Ophelia','Kareem'),(858,'Ferrell','Valeria','Jamar'),(859,'Cantrell','Nona','Boris'),(860,'Fulton','Mitzi','Isiah'),(861,'Lynn','Mari','Emile'),(862,'Lott','Georgette','Elmo'),(863,'Calderon','Claudine','Aron'),(864,'Rosa','Fran','Leopoldo'),(865,'Pollard','Alissa','Everette'),(866,'Hooper','Roseann','Josef'),(867,'Burch','Lakeisha','Gail'),(868,'Mullen','Susanna','Eloy'),(869,'Fry','Reva','Dorian'),(870,'Riddle','Deidre','Rodrick'),(871,'Levy','Chasity','Reinaldo'),(872,'David','Sheree','Lucio'),(873,'Duke','Carly','Jerrod'),(874,'Odonnell','James','Weston'),(875,'Guy','Elvia','Hershel'),(876,'Michael','Alyce','Barton'),(877,'Britt','Deirdre','Parker'),(878,'Frederick','Gena','Lemuel'),(879,'Daugherty','Briana','Lavern'),(880,'Berger','Araceli','Burt'),(881,'Dillard','Katelyn','Jules'),(882,'Alston','Rosanne','Gil'),(883,'Jarvis','Wendi','Eliseo'),(884,'Frye','Tessa','Ahmad'),(885,'Riggs','Berta','Nigel'),(886,'Chaney','Marva','Efren'),(887,'Odom','Imelda','Antwan'),(888,'Duffy','Marietta','Alden'),(889,'Fitzpatrick','Marci','Margarito'),(890,'Valenzuela','Leonor','Coleman'),(891,'Merrill','Arline','Refugio'),(892,'Mayer','Sasha','Dino'),(893,'Alford','Madelyn','Osvaldo'),(894,'Mcpherson','Janna','Les'),(895,'Acevedo','Juliette','Deandre'),(896,'Donovan','Deena','Normand'),(897,'Barrera','Aurelia','Kieth'),(898,'Albert','Josefa','Ivory'),(899,'Cote','Augusta','Andrea'),(900,'Reilly','Liliana','Trey'),(901,'Compton','Young','Norberto'),(902,'Raymond','Christian','Napoleon'),(903,'Mooney','Lessie','Jerold'),(904,'Mcgowan','Amalia','Fritz'),(905,'Craft','Savannah','Rosendo'),(906,'Cleveland','Anastasia','Milford'),(907,'Clemons','Vilma','Sang'),(908,'Wynn','Natalia','Deon'),(909,'Nielsen','Rosella','Christoper'),(910,'Baird','Lynnette','Alfonzo'),(911,'Stanton','Corina','Lyman'),(912,'Snider','Alfreda','Josiah'),(913,'Rosales','Leanna','Brant'),(914,'Bright','Carey','Wilton'),(915,'Witt','Amparo','Rico'),(916,'Stuart','Coleen','Jamaal'),(917,'Hays','Tamra','Dewitt'),(918,'Holden','Aisha','Carol'),(919,'Rutledge','Wilda','Brenton'),(920,'Kinney','Karyn','Yong'),(921,'Clements','Cherry','Olin'),(922,'Castaneda','Queen','Foster'),(923,'Slater','Maura','Faustino'),(924,'Hahn','Mai','Claudio'),(925,'Emerson','Evangelina','Judson'),(926,'Conrad','Rosanna','Gino'),(927,'Burks','Hallie','Edgardo'),(928,'Delaney','Erna','Berry'),(929,'Pate','Enid','Alec'),(930,'Lancaster','Mariana','Tanner'),(931,'Sweet','Lacy','Jarred'),(932,'Justice','Juliet','Donn'),(933,'Tyson','Jacklyn','Trinidad'),(934,'Sharpe','Freida','Tad'),(935,'Whitfield','Madeleine','Shirley'),(936,'Talley','Mara','Prince'),(937,'Macias','Hester','Porfirio'),(938,'Irwin','Cathryn','Odis'),(939,'Burris','Lelia','Maria'),(940,'Ratliff','Casandra','Lenard'),(941,'Mccray','Bridgett','Chauncey'),(942,'Madden','Angelita','Chang'),(943,'Kaufman','Jannie','Tod'),(944,'Beach','Dionne','Mel'),(945,'Goff','Annmarie','Marcelo'),(946,'Cash','Katina','Kory'),(947,'Bolton','Beryl','Augustus'),(948,'Mcfadden','Phoebe','Keven'),(949,'Levine','Millicent','Hilario'),(950,'Good','Katheryn','Bud'),(951,'Byers','Diann','Sal'),(952,'Kirkland','Carissa','Rosario'),(953,'Kidd','Maryellen','Orval'),(954,'Workman','Liz','Mauro'),(955,'Carney','Lauri','Dannie'),(956,'Dale','Helga','Zachariah'),(957,'Mcleod','Gilda','Olen'),(958,'Holcomb','Adrian','Anibal'),(959,'England','Rhea','Milo'),(960,'Finch','Marquita','Jed'),(961,'Head','Hollie','Frances'),(962,'Burt','Tisha','Thanh'),(963,'Hendrix','Tamera','Dillon'),(964,'Sosa','Angelique','Amado'),(965,'Haney','Francesca','Newton'),(966,'Franks','Britney','Connie'),(967,'Sargent','Kaitlin','Lenny'),(968,'Nieves','Lolita','Tory'),(969,'Downs','Florine','Richie'),(970,'Rasmussen','Rowena','Lupe'),(971,'Bird','Reyna','Horacio'),(972,'Hewitt','Twila','Brice'),(973,'Lindsay','Fanny','Mohamed'),(974,'Le','Janell','Delmer'),(975,'Foreman','Ines','Dario'),(976,'Valencia','Concetta','Reyes'),(977,'Oneil','Bertie','Dee'),(978,'Delacruz','Alba','Mac'),(979,'Vinson','Brigitte','Jonah'),(980,'Dejesus','Alyson','Jerrold'),(981,'Hyde','Vonda','Robt'),(982,'Forbes','Pansy','Hank'),(983,'Gilliam','Elba','Sung'),(984,'Guthrie','Noelle','Rupert'),(985,'Wooten','Letitia','Rolland'),(986,'Huber','Kitty','Kenton'),(987,'Barlow','Deann','Damion'),(988,'Boyle','Brandie','Chi'),(989,'Mcmahon','Louella','Antone'),(990,'Buckner','Leta','Waldo'),(991,'Rocha','Felecia','Fredric'),(992,'Puckett','Sharlene','Bradly'),(993,'Langley','Lesa','Quinn'),(994,'Knowles','Beverley','Kip'),(995,'Cooke','Robert','Burl'),(996,'Velazquez','Isabella','Walker'),(997,'Whitley','Herminia','Tyree'),(998,'Noel','Terra','Jefferey'),(999,'Vang','Celina','Ahmed'),(1000,'Shea','Tori','Willy'),(1001,'Rouse','Octavia','Stanford'),(1002,'Hartley','Jade','Oren'),(1003,'Mayfield','Denice','Noble'),(1004,'Elder','Germaine','Moshe'),(1005,'Rankin','Sierra','Mikel'),(1006,'Hanna','Michell','Enoch'),(1007,'Cowan','Cortney','Brendon'),(1008,'Lucero','Nelly','Quintin'),(1009,'Arroyo','Doretha','Jamison'),(1010,'Slaughter','Sydney','Florencio'),(1011,'Haas','Deidra','Darrick'),(1012,'Oconnell','Monika','Tobias'),(1013,'Minor','Lashonda','Minh'),(1014,'Kendrick','Judi','Hassan'),(1015,'Shirley','Chelsey','Giuseppe'),(1016,'Kendall','Antionette','Demarcus'),(1017,'Boucher','Margot','Cletus'),(1018,'Archer','Bobby','Tyrell'),(1019,'Boggs','Adelaide','Lyndon'),(1020,'Odell','Nan','Keenan'),(1021,'Dougherty','Leeann','Werner'),(1022,'Andersen','Elisha','Theo'),(1023,'Newell','Dessie','Geraldo'),(1024,'Crowe','Libby','Lou'),(1025,'Wang','Kathi','Columbus'),(1026,'Friedman','Gayla','Chet'),(1027,'Bland','Latanya','Bertram'),(1028,'Swain','Mina','Markus'),(1029,'Holley','Mellisa','Huey'),(1030,'Felix','Kimberlee','Hilton'),(1031,'Pearce','Jasmin','Dwain'),(1032,'Childs','Renae','Donte'),(1033,'Yarbrough','Zelda','Tyron'),(1034,'Galvan','Elda','Omer'),(1035,'Proctor','Ma','Isaias'),(1036,'Meeks','Justina','Hipolito'),(1037,'Lozano','Gussie','Fermin'),(1038,'Mora','Emilie','Chung'),(1039,'Rangel','Camilla','Adalberto'),(1040,'Bacon','Abbie','Valentine'),(1041,'Villanueva','Rocio','Jamey'),(1042,'Schaefer','Kaitlyn','Bo'),(1043,'Rosado','Jesse','Barrett'),(1044,'Helms','Edythe','Whitney'),(1045,'Boyce','Ashleigh','Teodoro'),(1046,'Goss','Selina','Mckinley'),(1047,'Stinson','Lakesha','Maximo'),(1048,'Smart','Geri','Garfield'),(1049,'Lake','Allene','Sol'),(1050,'Ibarra','Pamala','Raleigh'),(1051,'Hutchins','Michaela','Lawerence'),(1052,'Covington','Dayna','Abram'),(1053,'Reyna','Caryn','Rashad'),(1054,'Gregg','Rosalia','King'),(1055,'Werner','Sun','Emmitt'),(1056,'Crowley','Jacquline','Daron'),(1057,'Hatcher','Rebeca','Chong'),(1058,'Mackey','Marybeth','Samual'),(1059,'Bunch','Krystle','Paris'),(1060,'Womack','Iola','Otha'),(1061,'Polk','Dottie','Miquel'),(1062,'Jamison','Bennie','Lacy'),(1063,'Dodd','Belle','Eusebio'),(1064,'Childress','Aubrey','Dong'),(1065,'Childers','Griselda','Domenic'),(1066,'Camp','Ernestina','Darron'),(1067,'Villa','Elida','Buster'),(1068,'Dye','Adrianne','Antonia'),(1069,'Springer','Demetria','Wilber'),(1070,'Mahoney','Delma','Renato'),(1071,'Dailey','Chong','Jc'),(1072,'Belcher','Jaqueline','Hoyt'),(1073,'Lockhart','Destiny','Haywood'),(1074,'Griggs','Arleen','Ezekiel'),(1075,'Costa','Virgina','Chas'),(1076,'Connor','Retha','Florentino'),(1077,'Brandt','Fatima','Elroy'),(1078,'Winter','Tillie','Clemente'),(1079,'Walden','Eleanore','Arden'),(1080,'Moser','Cari','Neville'),(1081,'Tracy','Treva','Kelley'),(1082,'Tatum','Birdie','Edison'),(1083,'Mccann','Wilhelmina','Deshawn'),(1084,'Akers','Rosalee','Carrol'),(1085,'Lutz','Maurine','Shayne'),(1086,'Pryor','Latrice','Nathanial'),(1087,'Law','Yong','Jordon'),(1088,'Orozco','Jena','Danilo'),(1089,'Mcallister','Taryn','Claud'),(1090,'Lugo','Elia','Val'),(1091,'Davies','Debby','Sherwood'),(1092,'Shoemaker','Maudie','Raymon'),(1093,'Madison','Jeanna','Rayford'),(1094,'Rutherford','Delilah','Cristobal'),(1095,'Newsome','Catrina','Ambrose'),(1096,'Magee','Shonda','Titus'),(1097,'Chamberlain','Hortencia','Hyman'),(1098,'Blanton','Theodora','Felton'),(1099,'Simms','Teresita','Ezequiel'),(1100,'Godfrey','Robbin','Erasmo'),(1101,'Flanagan','Danette','Stanton'),(1102,'Crum','Maryjane','Lonny'),(1103,'Cordova','Freddie','Len'),(1104,'Escobar','Delphine','Ike'),(1105,'Downing','Brianne','Milan'),(1106,'Sinclair','Nilda','Lino'),(1107,'Donahue','Danna','Jarod'),(1108,'Krueger','Cindi','Herb'),(1109,'Mcginnis','Bess','Andreas'),(1110,'Gore','Iona','Walton'),(1111,'Farris','Hanna','Rhett'),(1112,'Webber','Ariel','Palmer'),(1113,'Corbett','Winona','Jude'),(1114,'Andrade','Vida','Douglass'),(1115,'Starr','Rosita','Cordell'),(1116,'Lyon','Marianna','Oswaldo'),(1117,'Yoder','William','Ellsworth'),(1118,'Hastings','Racheal','Virgilio'),(1119,'Mcgrath','Guillermina','Toney'),(1120,'Spivey','Eloisa','Nathanael'),(1121,'Krause','Celestine','Del'),(1122,'Harden','Caren','Britt'),(1123,'Crabtree','Malissa','Benedict'),(1124,'Kirkpatrick','Lona','Mose'),(1125,'Hollis','Chantel','Hong'),(1126,'Brandon','Shellie','Leigh'),(1127,'Arrington','Marisela','Johnson'),(1128,'Ervin','Leora','Isreal'),(1129,'Clifton','Agatha','Gayle'),(1130,'Ritter','Soledad','Garret'),(1131,'Mcghee','Migdalia','Fausto'),(1132,'Bolden','Ivette','Asa'),(1133,'Maloney','Christen','Arlen'),(1134,'Gagnon','Athena','Zack'),(1135,'Dunbar','Janel','Warner'),(1136,'Ponce','Chloe','Modesto'),(1137,'Pike','Veda','Francesco'),(1138,'Mayes','Pattie','Manual'),(1139,'Heard','Tessie','Jae'),(1140,'Beatty','Tera','Gaylord'),(1141,'Mobley','Marilynn','Gaston'),(1142,'Kimball','Lucretia','Filiberto'),(1143,'Butts','Karrie','Deangelo'),(1144,'Montes','Dinah','Michale'),(1145,'Herbert','Daniela','Granville'),(1146,'Grady','Alecia','Wes'),(1147,'Eldridge','Adelina','Malik'),(1148,'Braun','Vernice','Zackary'),(1149,'Hamm','Shiela','Tuan'),(1150,'Gibbons','Portia','Nicky'),(1151,'Seymour','Merry','Eldridge'),(1152,'Moyer','Lashawn','Cristopher'),(1153,'Manley','Devon','Cortez'),(1154,'Herron','Dara','Antione'),(1155,'Plummer','Tawana','Malcom'),(1156,'Elmore','Oma','Long'),(1157,'Cramer','Verda','Korey'),(1158,'Gary','Christin','Jospeh'),(1159,'Rucker','Alene','Colton'),(1160,'Hilton','Zella','Waylon'),(1161,'Blue','Sandi','Von'),(1162,'Pierson','Rafaela','Hosea'),(1163,'Fontenot','Maya','Shad'),(1164,'Field','Kira','Santo'),(1165,'Rubio','Candida','Rudolf'),(1166,'Grace','Alvina','Rolf'),(1167,'Goldstein','Suzan','Rey'),(1168,'Elkins','Shayla','Renaldo'),(1169,'Wills','Lyn','Marcellus'),(1170,'Novak','Lettie','Lucius'),(1171,'John','Alva','Lesley'),(1172,'Hickey','Samatha','Kristofer'),(1173,'Worley','Oralia','Boyce'),(1174,'Gorman','Matilde','Benton'),(1175,'Katz','Madonna','Man'),(1176,'Dickinson','Larissa','Kasey'),(1177,'Broussard','Vesta','Jewell'),(1178,'Fritz','Renita','Hayden'),(1179,'Woodruff','India','Harland'),(1180,'Crow','Delois','Arnoldo'),(1181,'Christopher','Shanda','Rueben'),(1182,'Britton','Phillis','Leandro'),(1183,'Forrest','Lorri','Kraig'),(1184,'Nance','Erlinda','Jerrell'),(1185,'Lehman','Cruz','Jeromy'),(1186,'Bingham','Cathrine','Hobert'),(1187,'Zuniga','Barb','Cedrick'),(1188,'Whaley','Zoe','Arlie'),(1189,'Shafer','Isabell','Winford'),(1190,'Coffman','Ione','Wally'),(1191,'Steward','Gisela','Patricia'),(1192,'Delarosa','Charlie','Luigi'),(1193,'Nix','Valencia','Keneth'),(1194,'Neely','Roxanna','Jacinto'),(1195,'Numbers','Mayme','Graig'),(1196,'Mata','Kisha','Franklyn'),(1197,'Manuel','Ellie','Edmundo'),(1198,'Davila','Mellissa','Sid'),(1199,'Mccabe','Dorris','Porter'),(1200,'Kessler','Dalia','Leif'),(1201,'Emery','Bella','Lauren'),(1202,'Bowling','Annetta','Jeramy'),(1203,'Hinkle','Zoila','Elisha'),(1204,'Welsh','Reta','Buck'),(1205,'Pagan','Reina','Willian'),(1206,'Goldberg','Lauretta','Vincenzo'),(1207,'Goins','Kylie','Shon'),(1208,'Crouch','Christal','Michal'),(1209,'Cuevas','Pilar','Lynwood'),(1210,'Quinones','Charla','Lindsay'),(1211,'Mcdermott','Elissa','Jewel'),(1212,'Hendrickson','Tiffani','Jere'),(1213,'Samuels','Tana','Hai'),(1214,'Denton','Paulina','Elden'),(1215,'Bergeron','Leota','Dorsey'),(1216,'Lam','Breanna','Darell'),(1217,'Ivey','Jayme','Broderick'),(1218,'Locke','Carmel','Alonso');
/*!40000 ALTER TABLE `name_info` ENABLE KEYS */;
UNLOCK TABLES;

--
-- Table structure for table `top_up`
--

DROP TABLE IF EXISTS `top_up`;
/*!40101 SET @saved_cs_client     = @@character_set_client */;
/*!40101 SET character_set_client = utf8 */;
CREATE TABLE `top_up` (
  `id` int(11) NOT NULL AUTO_INCREMENT,
  `pay_num` varchar(225) DEFAULT NULL,
  `time` datetime DEFAULT NULL,
  `money` float DEFAULT NULL,
  `before_balance` float DEFAULT NULL,
  `balance` float DEFAULT NULL,
  `account_id` int(11) DEFAULT NULL,
  `trans_type` varchar(255) DEFAULT NULL,
  PRIMARY KEY (`id`),
  KEY `account_id` (`account_id`) USING BTREE,
  CONSTRAINT `top_up_ibfk_1` FOREIGN KEY (`account_id`) REFERENCES `account` (`id`) ON DELETE NO ACTION ON UPDATE NO ACTION
) ENGINE=InnoDB AUTO_INCREMENT=256 DEFAULT CHARSET=utf8;
/*!40101 SET character_set_client = @saved_cs_client */;

--
-- Dumping data for table `top_up`
--

LOCK TABLES `top_up` WRITE;
/*!40000 ALTER TABLE `top_up` DISABLE KEYS */;
INSERT INTO `top_up` VALUES (240,'20191102144025a719b','2019-11-02 14:40:25',2,67,69,158,'系统'),(241,'2019110214581222eea','2019-11-02 14:58:12',-1.9,1683,1681.1,45,'系统'),(242,'2019110214583731cec','2019-11-02 14:58:37',2,1681.1,1683.1,45,'系统'),(243,'201911021458543c053','2019-11-02 14:58:54',-2,1683.1,1681.1,45,'系统'),(244,'20191102180235e4b5d','2019-11-02 18:02:35',3000,81.1,3081.1,45,'系统'),(245,'201911031339053f84e','2019-11-03 13:39:05',3000,1.1,3001.1,45,'系统'),(246,'20191104111726a0597','2019-11-04 11:17:26',10000,61,10061,158,'系统'),(247,'2019110411213535115','2019-11-04 11:21:35',10000,51.1,10051.1,45,'系统'),(248,'20191104112142391ee','2019-11-04 11:21:42',-10000,10061,61,158,'退款'),(249,'20191105114729fd4d3','2019-11-05 11:47:29',10000,19.1,10019.1,45,NULL),(250,'201911061434006ae2c','2019-11-06 14:34:00',10000,70.1,10070.1,45,NULL),(251,'201911071415550eb4c','2019-11-07 14:15:55',10000,20.1,10020.1,45,NULL),(252,'20191107161546cc9f8','2019-11-07 16:15:46',100,0,100,159,NULL),(253,'201911071656327ef93','2019-11-07 16:56:32',100,0,100,160,NULL),(254,'2019110811391958e0b','2019-11-08 11:39:19',10000,1010.1,11010.1,45,NULL),(255,'201911081854432ba31','2019-11-08 18:54:43',10000,805.1,10805.1,45,NULL);
/*!40000 ALTER TABLE `top_up` ENABLE KEYS */;
UNLOCK TABLES;
/*!40103 SET TIME_ZONE=@OLD_TIME_ZONE */;

/*!40101 SET SQL_MODE=@OLD_SQL_MODE */;
/*!40014 SET FOREIGN_KEY_CHECKS=@OLD_FOREIGN_KEY_CHECKS */;
/*!40014 SET UNIQUE_CHECKS=@OLD_UNIQUE_CHECKS */;
/*!40101 SET CHARACTER_SET_CLIENT=@OLD_CHARACTER_SET_CLIENT */;
/*!40101 SET CHARACTER_SET_RESULTS=@OLD_CHARACTER_SET_RESULTS */;
/*!40101 SET COLLATION_CONNECTION=@OLD_COLLATION_CONNECTION */;
/*!40111 SET SQL_NOTES=@OLD_SQL_NOTES */;

-- Dump completed on 2019-11-11 12:23:51
